latitude,bathrooms,bedrooms,building_id,created,description,display_address,features,listing_id,longitude,manager_id,photos,price,street_address,interest_level
0.0,12,12,12,12,12,12,12,12,12,12,12,12,12,12
34.0126,1,1,1,1,1,1,1,1,1,1,1,1,1,1
39.7996,1,1,1,1,1,1,1,1,1,1,1,1,1,1
39.8395,1,1,1,1,1,1,1,1,1,1,1,1,1,1
40.045,1,1,1,1,1,1,1,1,1,1,1,1,1,1
40.1159,1,1,1,1,1,1,1,1,1,1,1,1,1,1
40.5065,4,4,4,4,4,4,4,4,4,4,4,4,4,4
40.5494,1,1,1,1,1,1,1,1,1,1,1,1,1,1
40.5712,1,1,1,1,1,1,1,1,1,1,1,1,1,1
40.5757,4,4,4,4,4,4,4,4,4,4,4,4,4,4
40.5758,18,18,18,18,18,18,18,18,18,18,18,18,18,18
40.576,1,1,1,1,1,1,1,1,1,1,1,1,1,1
40.5765,11,11,11,11,11,11,11,11,11,11,11,11,11,11
40.5768,1,1,1,1,1,1,1,1,1,1,1,1,1,1
40.5772,1,1,1,1,1,1,1,1,1,1,1,1,1,1
40.5776,2,2,2,2,2,2,2,2,2,2,2,2,2,2
40.5782,2,2,2,2,2,2,2,2,2,2,2,2,2,2
40.5783,1,1,1,1,1,1,1,1,1,1,1,1,1,1
40.5784,1,1,1,1,1,1,1,1,1,1,1,1,1,1
40.579,1,1,1,1,1,1,1,1,1,1,1,1,1,1
40.5795,3,3,3,3,3,3,3,3,3,3,3,3,3,3
40.5796,1,1,1,1,1,1,1,1,1,1,1,1,1,1
40.5806,11,11,11,11,11,11,11,11,11,11,11,11,11,11
40.5813,1,1,1,1,1,1,1,1,1,1,1,1,1,1
40.5836,3,3,3,3,3,3,3,3,3,3,3,3,3,3
40.5837,5,5,5,5,5,5,5,5,5,5,5,5,5,5
40.5838,1,1,1,1,1,1,1,1,1,1,1,1,1,1
40.5839,1,1,1,1,1,1,1,1,1,1,1,1,1,1
40.584,1,1,1,1,1,1,1,1,1,1,1,1,1,1
40.5841,2,2,2,2,2,2,2,2,2,2,2,2,2,2
40.5843,1,1,1,1,1,1,1,1,1,1,1,1,1,1
40.5844,1,1,1,1,1,1,1,1,1,1,1,1,1,1
40.5845,2,2,2,2,2,2,2,2,2,2,2,2,2,2
40.5847,4,4,4,4,4,4,4,4,4,4,4,4,4,4
40.5853,1,1,1,1,1,1,1,1,1,1,1,1,1,1
40.5854,2,2,2,2,2,2,2,2,2,2,2,2,2,2
40.5856,1,1,1,1,1,1,1,1,1,1,1,1,1,1
40.586,1,1,1,1,1,1,1,1,1,1,1,1,1,1
40.5863,1,1,1,1,1,1,1,1,1,1,1,1,1,1
40.5869,1,1,1,1,1,1,1,1,1,1,1,1,1,1
40.5871,1,1,1,1,1,1,1,1,1,1,1,1,1,1
40.5872,1,1,1,1,1,1,1,1,1,1,1,1,1,1
40.5873,1,1,1,1,1,1,1,1,1,1,1,1,1,1
40.5874,1,1,1,1,1,1,1,1,1,1,1,1,1,1
40.5886,3,3,3,3,3,3,3,3,3,3,3,3,3,3
40.5896,1,1,1,1,1,1,1,1,1,1,1,1,1,1
40.5904,3,3,3,3,3,3,3,3,3,3,3,3,3,3
40.5905,1,1,1,1,1,1,1,1,1,1,1,1,1,1
40.5907,2,2,2,2,2,2,2,2,2,2,2,2,2,2
40.5909,1,1,1,1,1,1,1,1,1,1,1,1,1,1
40.591,1,1,1,1,1,1,1,1,1,1,1,1,1,1
40.5912,2,2,2,2,2,2,2,2,2,2,2,2,2,2
40.5915,1,1,1,1,1,1,1,1,1,1,1,1,1,1
40.5922,5,5,5,5,5,5,5,5,5,5,5,5,5,5
40.5937,1,1,1,1,1,1,1,1,1,1,1,1,1,1
40.5946,5,5,5,5,5,5,5,5,5,5,5,5,5,5
40.5956,11,11,11,11,11,11,11,11,11,11,11,11,11,11
40.5958,1,1,1,1,1,1,1,1,1,1,1,1,1,1
40.5972,2,2,2,2,2,2,2,2,2,2,2,2,2,2
40.5987,1,1,1,1,1,1,1,1,1,1,1,1,1,1
40.6001,2,2,2,2,2,2,2,2,2,2,2,2,2,2
40.6005,1,1,1,1,1,1,1,1,1,1,1,1,1,1
40.6026,1,1,1,1,1,1,1,1,1,1,1,1,1,1
40.6032,4,4,4,4,4,4,4,4,4,4,4,4,4,4
40.6052,1,1,1,1,1,1,1,1,1,1,1,1,1,1
40.6063,2,2,2,2,2,2,2,2,2,2,2,2,2,2
40.6066,2,2,2,2,2,2,2,2,2,2,2,2,2,2
40.6072,1,1,1,1,1,1,1,1,1,1,1,1,1,1
40.6079,1,1,1,1,1,1,1,1,1,1,1,1,1,1
40.6084,1,1,1,1,1,1,1,1,1,1,1,1,1,1
40.6087,2,2,2,2,2,2,2,2,2,2,2,2,2,2
40.6088,8,8,8,8,8,8,8,8,8,8,8,8,8,8
40.6091,4,4,4,4,4,4,4,4,4,4,4,4,4,4
40.6092,1,1,1,1,1,1,1,1,1,1,1,1,1,1
40.6094,1,1,1,1,1,1,1,1,1,1,1,1,1,1
40.6098,4,4,4,4,4,4,4,4,4,4,4,4,4,4
40.6101,1,1,1,1,1,1,1,1,1,1,1,1,1,1
40.611,1,1,1,1,1,1,1,1,1,1,1,1,1,1
40.6111,1,1,1,1,1,1,1,1,1,1,1,1,1,1
40.6113,1,1,1,1,1,1,1,1,1,1,1,1,1,1
40.6117,1,1,1,1,1,1,1,1,1,1,1,1,1,1
40.6118,1,1,1,1,1,1,1,1,1,1,1,1,1,1
40.6123,2,2,2,2,2,2,2,2,2,2,2,2,2,2
40.6126,1,1,1,1,1,1,1,1,1,1,1,1,1,1
40.6128,1,1,1,1,1,1,1,1,1,1,1,1,1,1
40.6133,1,1,1,1,1,1,1,1,1,1,1,1,1,1
40.6134,1,1,1,1,1,1,1,1,1,1,1,1,1,1
40.6138,1,1,1,1,1,1,1,1,1,1,1,1,1,1
40.6139,1,1,1,1,1,1,1,1,1,1,1,1,1,1
40.6149,1,1,1,1,1,1,1,1,1,1,1,1,1,1
40.6161,1,1,1,1,1,1,1,1,1,1,1,1,1,1
40.6163,2,2,2,2,2,2,2,2,2,2,2,2,2,2
40.6167,2,2,2,2,2,2,2,2,2,2,2,2,2,2
40.6168,2,2,2,2,2,2,2,2,2,2,2,2,2,2
40.617,1,1,1,1,1,1,1,1,1,1,1,1,1,1
40.6171,1,1,1,1,1,1,1,1,1,1,1,1,1,1
40.6173,3,3,3,3,3,3,3,3,3,3,3,3,3,3
40.6174,2,2,2,2,2,2,2,2,2,2,2,2,2,2
40.6178,1,1,1,1,1,1,1,1,1,1,1,1,1,1
40.618,1,1,1,1,1,1,1,1,1,1,1,1,1,1
40.6181,1,1,1,1,1,1,1,1,1,1,1,1,1,1
40.6182,3,3,3,3,3,3,3,3,3,3,3,3,3,3
40.6184,4,4,4,4,4,4,4,4,4,4,4,4,4,4
40.6188,2,2,2,2,2,2,2,2,2,2,2,2,2,2
40.6189,2,2,2,2,2,2,2,2,2,2,2,2,2,2
40.6192,1,1,1,1,1,1,1,1,1,1,1,1,1,1
40.6193,1,1,1,1,1,1,1,1,1,1,1,1,1,1
40.6195,2,2,2,2,2,2,2,2,2,2,2,2,2,2
40.6196,1,1,1,1,1,1,1,1,1,1,1,1,1,1
40.6197,1,1,1,1,1,1,1,1,1,1,1,1,1,1
40.6199,1,1,1,1,1,1,1,1,1,1,1,1,1,1
40.6203,1,1,1,1,1,1,1,1,1,1,1,1,1,1
40.6207,3,3,3,3,3,3,3,3,3,3,3,3,3,3
40.621,1,1,1,1,1,1,1,1,1,1,1,1,1,1
40.6211,1,1,1,1,1,1,1,1,1,1,1,1,1,1
40.6212,1,1,1,1,1,1,1,1,1,1,1,1,1,1
40.6213,2,2,2,2,2,2,2,2,2,2,2,2,2,2
40.6215,7,7,7,7,7,7,7,7,7,7,7,7,7,7
40.6218,1,1,1,1,1,1,1,1,1,1,1,1,1,1
40.6222,1,1,1,1,1,1,1,1,1,1,1,1,1,1
40.6223,3,3,3,3,3,3,3,3,3,3,3,3,3,3
40.6224,2,2,2,2,2,2,2,2,2,2,2,2,2,2
40.6225,1,1,1,1,1,1,1,1,1,1,1,1,1,1
40.6226,3,3,3,3,3,3,3,3,3,3,3,3,3,3
40.6227,1,1,1,1,1,1,1,1,1,1,1,1,1,1
40.6229,1,1,1,1,1,1,1,1,1,1,1,1,1,1
40.623,1,1,1,1,1,1,1,1,1,1,1,1,1,1
40.6231,2,2,2,2,2,2,2,2,2,2,2,2,2,2
40.6232,2,2,2,2,2,2,2,2,2,2,2,2,2,2
40.6233,1,1,1,1,1,1,1,1,1,1,1,1,1,1
40.6234,1,1,1,1,1,1,1,1,1,1,1,1,1,1
40.6235,2,2,2,2,2,2,2,2,2,2,2,2,2,2
40.6237,2,2,2,2,2,2,2,2,2,2,2,2,2,2
40.6238,1,1,1,1,1,1,1,1,1,1,1,1,1,1
40.6239,1,1,1,1,1,1,1,1,1,1,1,1,1,1
40.624,1,1,1,1,1,1,1,1,1,1,1,1,1,1
40.6241,1,1,1,1,1,1,1,1,1,1,1,1,1,1
40.6243,1,1,1,1,1,1,1,1,1,1,1,1,1,1
40.6244,1,1,1,1,1,1,1,1,1,1,1,1,1,1
40.6251,1,1,1,1,1,1,1,1,1,1,1,1,1,1
40.6253,1,1,1,1,1,1,1,1,1,1,1,1,1,1
40.6254,1,1,1,1,1,1,1,1,1,1,1,1,1,1
40.6255,1,1,1,1,1,1,1,1,1,1,1,1,1,1
40.6257,1,1,1,1,1,1,1,1,1,1,1,1,1,1
40.6258,4,4,4,4,4,4,4,4,4,4,4,4,4,4
40.626,1,1,1,1,1,1,1,1,1,1,1,1,1,1
40.6262,2,2,2,2,2,2,2,2,2,2,2,2,2,2
40.6264,2,2,2,2,2,2,2,2,2,2,2,2,2,2
40.6265,1,1,1,1,1,1,1,1,1,1,1,1,1,1
40.6277,1,1,1,1,1,1,1,1,1,1,1,1,1,1
40.6279,6,6,6,6,6,6,6,6,6,6,6,6,6,6
40.6282,1,1,1,1,1,1,1,1,1,1,1,1,1,1
40.6284,1,1,1,1,1,1,1,1,1,1,1,1,1,1
40.6285,4,4,4,4,4,4,4,4,4,4,4,4,4,4
40.6286,1,1,1,1,1,1,1,1,1,1,1,1,1,1
40.6287,1,1,1,1,1,1,1,1,1,1,1,1,1,1
40.6288,1,1,1,1,1,1,1,1,1,1,1,1,1,1
40.6289,1,1,1,1,1,1,1,1,1,1,1,1,1,1
40.629,1,1,1,1,1,1,1,1,1,1,1,1,1,1
40.6293,1,1,1,1,1,1,1,1,1,1,1,1,1,1
40.6294,1,1,1,1,1,1,1,1,1,1,1,1,1,1
40.6296,2,2,2,2,2,2,2,2,2,2,2,2,2,2
40.6297,1,1,1,1,1,1,1,1,1,1,1,1,1,1
40.6298,1,1,1,1,1,1,1,1,1,1,1,1,1,1
40.6299,2,2,2,2,2,2,2,2,2,2,2,2,2,2
40.63,7,7,7,7,7,7,7,7,7,7,7,7,7,7
40.6301,1,1,1,1,1,1,1,1,1,1,1,1,1,1
40.6303,1,1,1,1,1,1,1,1,1,1,1,1,1,1
40.6304,1,1,1,1,1,1,1,1,1,1,1,1,1,1
40.6306,2,2,2,2,2,2,2,2,2,2,2,2,2,2
40.6307,1,1,1,1,1,1,1,1,1,1,1,1,1,1
40.631,1,1,1,1,1,1,1,1,1,1,1,1,1,1
40.6315,1,1,1,1,1,1,1,1,1,1,1,1,1,1
40.6319,2,2,2,2,2,2,2,2,2,2,2,2,2,2
40.6321,2,2,2,2,2,2,2,2,2,2,2,2,2,2
40.6322,1,1,1,1,1,1,1,1,1,1,1,1,1,1
40.6323,1,1,1,1,1,1,1,1,1,1,1,1,1,1
40.6324,2,2,2,2,2,2,2,2,2,2,2,2,2,2
40.6325,3,3,3,3,3,3,3,3,3,3,3,3,3,3
40.6326,4,4,4,4,4,4,4,4,4,4,4,4,4,4
40.6328,1,1,1,1,1,1,1,1,1,1,1,1,1,1
40.6329,2,2,2,2,2,2,2,2,2,2,2,2,2,2
40.6331,2,2,2,2,2,2,2,2,2,2,2,2,2,2
40.6333,4,4,4,4,4,4,4,4,4,4,4,4,4,4
40.6334,1,1,1,1,1,1,1,1,1,1,1,1,1,1
40.6339,1,1,1,1,1,1,1,1,1,1,1,1,1,1
40.634,5,5,5,5,5,5,5,5,5,5,5,5,5,5
40.6342,1,1,1,1,1,1,1,1,1,1,1,1,1,1
40.6345,3,3,3,3,3,3,3,3,3,3,3,3,3,3
40.6347,1,1,1,1,1,1,1,1,1,1,1,1,1,1
40.6352,7,7,7,7,7,7,7,7,7,7,7,7,7,7
40.6355,1,1,1,1,1,1,1,1,1,1,1,1,1,1
40.6356,3,3,3,3,3,3,3,3,3,3,3,3,3,3
40.6357,1,1,1,1,1,1,1,1,1,1,1,1,1,1
40.6358,2,2,2,2,2,2,2,2,2,2,2,2,2,2
40.6362,1,1,1,1,1,1,1,1,1,1,1,1,1,1
40.6363,13,13,13,13,13,13,13,13,13,13,13,13,13,13
40.6364,1,1,1,1,1,1,1,1,1,1,1,1,1,1
40.6367,1,1,1,1,1,1,1,1,1,1,1,1,1,1
40.6368,15,15,15,15,15,15,15,15,15,15,15,15,15,15
40.6369,2,2,2,2,2,2,2,2,2,2,2,2,2,2
40.637,2,2,2,2,2,2,2,2,2,2,2,2,2,2
40.6371,2,2,2,2,2,2,2,2,2,2,2,2,2,2
40.6372,1,1,1,1,1,1,1,1,1,1,1,1,1,1
40.6373,1,1,1,1,1,1,1,1,1,1,1,1,1,1
40.6374,1,1,1,1,1,1,1,1,1,1,1,1,1,1
40.6375,3,3,3,3,3,3,3,3,3,3,3,3,3,3
40.6377,1,1,1,1,1,1,1,1,1,1,1,1,1,1
40.6379,1,1,1,1,1,1,1,1,1,1,1,1,1,1
40.6381,3,3,3,3,3,3,3,3,3,3,3,3,3,3
40.6382,3,3,3,3,3,3,3,3,3,3,3,3,3,3
40.6383,5,5,5,5,5,5,5,5,5,5,5,5,5,5
40.6384,2,2,2,2,2,2,2,2,2,2,2,2,2,2
40.6385,1,1,1,1,1,1,1,1,1,1,1,1,1,1
40.6386,10,10,10,10,10,10,10,10,10,10,10,10,10,10
40.6388,1,1,1,1,1,1,1,1,1,1,1,1,1,1
40.6389,3,3,3,3,3,3,3,3,3,3,3,3,3,3
40.6392,1,1,1,1,1,1,1,1,1,1,1,1,1,1
40.6393,1,1,1,1,1,1,1,1,1,1,1,1,1,1
40.6394,3,3,3,3,3,3,3,3,3,3,3,3,3,3
40.6395,1,1,1,1,1,1,1,1,1,1,1,1,1,1
40.6396,4,4,4,4,4,4,4,4,4,4,4,4,4,4
40.6397,1,1,1,1,1,1,1,1,1,1,1,1,1,1
40.6398,1,1,1,1,1,1,1,1,1,1,1,1,1,1
40.6399,2,2,2,2,2,2,2,2,2,2,2,2,2,2
40.6401,1,1,1,1,1,1,1,1,1,1,1,1,1,1
40.6402,8,8,8,8,8,8,8,8,8,8,8,8,8,8
40.6403,2,2,2,2,2,2,2,2,2,2,2,2,2,2
40.6404,6,6,6,6,6,6,6,6,6,6,6,6,6,6
40.6405,2,2,2,2,2,2,2,2,2,2,2,2,2,2
40.6406,3,3,3,3,3,3,3,3,3,3,3,3,3,3
40.6407,2,2,2,2,2,2,2,2,2,2,2,2,2,2
40.6409,1,1,1,1,1,1,1,1,1,1,1,1,1,1
40.6411,1,1,1,1,1,1,1,1,1,1,1,1,1,1
40.6414,6,6,6,6,6,6,6,6,6,6,6,6,6,6
40.6416,6,6,6,6,6,6,6,6,6,6,6,6,6,6
40.6418,3,3,3,3,3,3,3,3,3,3,3,3,3,3
40.6419,2,2,2,2,2,2,2,2,2,2,2,2,2,2
40.6421,5,5,5,5,5,5,5,5,5,5,5,5,5,5
40.6425,3,3,3,3,3,3,3,3,3,3,3,3,3,3
40.6426,4,4,4,4,4,4,4,4,4,4,4,4,4,4
40.6428,3,3,3,3,3,3,3,3,3,3,3,3,3,3
40.6429,1,1,1,1,1,1,1,1,1,1,1,1,1,1
40.6431,1,1,1,1,1,1,1,1,1,1,1,1,1,1
40.6434,1,1,1,1,1,1,1,1,1,1,1,1,1,1
40.6436,2,2,2,2,2,2,2,2,2,2,2,2,2,2
40.6437,2,2,2,2,2,2,2,2,2,2,2,2,2,2
40.6438,6,6,6,6,6,6,6,6,6,6,6,6,6,6
40.644,9,9,9,9,9,9,9,9,9,9,9,9,9,9
40.6442,1,1,1,1,1,1,1,1,1,1,1,1,1,1
40.6443,1,1,1,1,1,1,1,1,1,1,1,1,1,1
40.6444,4,4,4,4,4,4,4,4,4,4,4,4,4,4
40.6445,1,1,1,1,1,1,1,1,1,1,1,1,1,1
40.6447,1,1,1,1,1,1,1,1,1,1,1,1,1,1
40.644800000000004,3,3,3,3,3,3,3,3,3,3,3,3,3,3
40.6449,3,3,3,3,3,3,3,3,3,3,3,3,3,3
40.645,18,18,18,18,18,18,18,18,18,18,18,18,18,18
40.6453,6,6,6,6,6,6,6,6,6,6,6,6,6,6
40.6455,11,11,11,11,11,11,11,11,11,11,11,11,11,11
40.646,2,2,2,2,2,2,2,2,2,2,2,2,2,2
40.6461,12,12,12,12,12,12,12,12,12,12,12,12,12,12
40.6462,2,2,2,2,2,2,2,2,2,2,2,2,2,2
40.6463,1,1,1,1,1,1,1,1,1,1,1,1,1,1
40.6464,2,2,2,2,2,2,2,2,2,2,2,2,2,2
40.6465,1,1,1,1,1,1,1,1,1,1,1,1,1,1
40.6468,1,1,1,1,1,1,1,1,1,1,1,1,1,1
40.647,3,3,3,3,3,3,3,3,3,3,3,3,3,3
40.6471,2,2,2,2,2,2,2,2,2,2,2,2,2,2
40.6472,2,2,2,2,2,2,2,2,2,2,2,2,2,2
40.6475,8,8,8,8,8,8,8,8,8,8,8,8,8,8
40.6476,1,1,1,1,1,1,1,1,1,1,1,1,1,1
40.6477,2,2,2,2,2,2,2,2,2,2,2,2,2,2
40.6479,4,4,4,4,4,4,4,4,4,4,4,4,4,4
40.648,2,2,2,2,2,2,2,2,2,2,2,2,2,2
40.6481,7,7,7,7,7,7,7,7,7,7,7,7,7,7
40.6482,5,5,5,5,5,5,5,5,5,5,5,5,5,5
40.6483,3,3,3,3,3,3,3,3,3,3,3,3,3,3
40.6484,3,3,3,3,3,3,3,3,3,3,3,3,3,3
40.6485,1,1,1,1,1,1,1,1,1,1,1,1,1,1
40.6488,1,1,1,1,1,1,1,1,1,1,1,1,1,1
40.6489,1,1,1,1,1,1,1,1,1,1,1,1,1,1
40.6491,5,5,5,5,5,5,5,5,5,5,5,5,5,5
40.6492,2,2,2,2,2,2,2,2,2,2,2,2,2,2
40.6493,1,1,1,1,1,1,1,1,1,1,1,1,1,1
40.6497,8,8,8,8,8,8,8,8,8,8,8,8,8,8
40.6498,6,6,6,6,6,6,6,6,6,6,6,6,6,6
40.6499,1,1,1,1,1,1,1,1,1,1,1,1,1,1
40.65,1,1,1,1,1,1,1,1,1,1,1,1,1,1
40.6501,1,1,1,1,1,1,1,1,1,1,1,1,1,1
40.6502,1,1,1,1,1,1,1,1,1,1,1,1,1,1
40.6503,4,4,4,4,4,4,4,4,4,4,4,4,4,4
40.6505,2,2,2,2,2,2,2,2,2,2,2,2,2,2
40.6506,2,2,2,2,2,2,2,2,2,2,2,2,2,2
40.6507,1,1,1,1,1,1,1,1,1,1,1,1,1,1
40.6508,2,2,2,2,2,2,2,2,2,2,2,2,2,2
40.6509,2,2,2,2,2,2,2,2,2,2,2,2,2,2
40.6511,1,1,1,1,1,1,1,1,1,1,1,1,1,1
40.6512,3,3,3,3,3,3,3,3,3,3,3,3,3,3
40.6513,3,3,3,3,3,3,3,3,3,3,3,3,3,3
40.6515,3,3,3,3,3,3,3,3,3,3,3,3,3,3
40.6516,2,2,2,2,2,2,2,2,2,2,2,2,2,2
40.6518,3,3,3,3,3,3,3,3,3,3,3,3,3,3
40.6519,1,1,1,1,1,1,1,1,1,1,1,1,1,1
40.652,6,6,6,6,6,6,6,6,6,6,6,6,6,6
40.6521,2,2,2,2,2,2,2,2,2,2,2,2,2,2
40.6522,1,1,1,1,1,1,1,1,1,1,1,1,1,1
40.6523,1,1,1,1,1,1,1,1,1,1,1,1,1,1
40.6524,1,1,1,1,1,1,1,1,1,1,1,1,1,1
40.6527,2,2,2,2,2,2,2,2,2,2,2,2,2,2
40.6529,5,5,5,5,5,5,5,5,5,5,5,5,5,5
40.6531,1,1,1,1,1,1,1,1,1,1,1,1,1,1
40.6533,11,11,11,11,11,11,11,11,11,11,11,11,11,11
40.6534,1,1,1,1,1,1,1,1,1,1,1,1,1,1
40.6535,2,2,2,2,2,2,2,2,2,2,2,2,2,2
40.6537,2,2,2,2,2,2,2,2,2,2,2,2,2,2
40.6544,1,1,1,1,1,1,1,1,1,1,1,1,1,1
40.6545,2,2,2,2,2,2,2,2,2,2,2,2,2,2
40.6547,3,3,3,3,3,3,3,3,3,3,3,3,3,3
40.655,4,4,4,4,4,4,4,4,4,4,4,4,4,4
40.6551,8,8,8,8,8,8,8,8,8,8,8,8,8,8
40.6552,1,1,1,1,1,1,1,1,1,1,1,1,1,1
40.6554,9,9,9,9,9,9,9,9,9,9,9,9,9,9
40.6556,2,2,2,2,2,2,2,2,2,2,2,2,2,2
40.6557,5,5,5,5,5,5,5,5,5,5,5,5,5,5
40.6559,2,2,2,2,2,2,2,2,2,2,2,2,2,2
40.656,2,2,2,2,2,2,2,2,2,2,2,2,2,2
40.6561,1,1,1,1,1,1,1,1,1,1,1,1,1,1
40.6562,1,1,1,1,1,1,1,1,1,1,1,1,1,1
40.6566,1,1,1,1,1,1,1,1,1,1,1,1,1,1
40.6567,6,6,6,6,6,6,6,6,6,6,6,6,6,6
40.6568,3,3,3,3,3,3,3,3,3,3,3,3,3,3
40.6569,1,1,1,1,1,1,1,1,1,1,1,1,1,1
40.657,1,1,1,1,1,1,1,1,1,1,1,1,1,1
40.6574,1,1,1,1,1,1,1,1,1,1,1,1,1,1
40.6575,1,1,1,1,1,1,1,1,1,1,1,1,1,1
40.6576,4,4,4,4,4,4,4,4,4,4,4,4,4,4
40.6577,4,4,4,4,4,4,4,4,4,4,4,4,4,4
40.6578,2,2,2,2,2,2,2,2,2,2,2,2,2,2
40.6579,1,1,1,1,1,1,1,1,1,1,1,1,1,1
40.658,2,2,2,2,2,2,2,2,2,2,2,2,2,2
40.6581,2,2,2,2,2,2,2,2,2,2,2,2,2,2
40.6584,5,5,5,5,5,5,5,5,5,5,5,5,5,5
40.658500000000004,1,1,1,1,1,1,1,1,1,1,1,1,1,1
40.6589,9,9,9,9,9,9,9,9,9,9,9,9,9,9
40.659,2,2,2,2,2,2,2,2,2,2,2,2,2,2
40.6592,8,8,8,8,8,8,8,8,8,8,8,8,8,8
40.6594,3,3,3,3,3,3,3,3,3,3,3,3,3,3
40.6596,2,2,2,2,2,2,2,2,2,2,2,2,2,2
40.6597,1,1,1,1,1,1,1,1,1,1,1,1,1,1
40.6598,2,2,2,2,2,2,2,2,2,2,2,2,2,2
40.6599,1,1,1,1,1,1,1,1,1,1,1,1,1,1
40.66,8,8,8,8,8,8,8,8,8,8,8,8,8,8
40.6602,2,2,2,2,2,2,2,2,2,2,2,2,2,2
40.6603,3,3,3,3,3,3,3,3,3,3,3,3,3,3
40.6604,11,11,11,11,11,11,11,11,11,11,11,11,11,11
40.6605,2,2,2,2,2,2,2,2,2,2,2,2,2,2
40.6606,2,2,2,2,2,2,2,2,2,2,2,2,2,2
40.661,7,7,7,7,7,7,7,7,7,7,7,7,7,7
40.6611,2,2,2,2,2,2,2,2,2,2,2,2,2,2
40.6612,1,1,1,1,1,1,1,1,1,1,1,1,1,1
40.6613,2,2,2,2,2,2,2,2,2,2,2,2,2,2
40.6614,2,2,2,2,2,2,2,2,2,2,2,2,2,2
40.6616,8,8,8,8,8,8,8,8,8,8,8,8,8,8
40.6617,3,3,3,3,3,3,3,3,3,3,3,3,3,3
40.6618,2,2,2,2,2,2,2,2,2,2,2,2,2,2
40.6619,2,2,2,2,2,2,2,2,2,2,2,2,2,2
40.662,3,3,3,3,3,3,3,3,3,3,3,3,3,3
40.6621,5,5,5,5,5,5,5,5,5,5,5,5,5,5
40.6622,1,1,1,1,1,1,1,1,1,1,1,1,1,1
40.6623,3,3,3,3,3,3,3,3,3,3,3,3,3,3
40.6624,2,2,2,2,2,2,2,2,2,2,2,2,2,2
40.6625,4,4,4,4,4,4,4,4,4,4,4,4,4,4
40.6627,3,3,3,3,3,3,3,3,3,3,3,3,3,3
40.6629,3,3,3,3,3,3,3,3,3,3,3,3,3,3
40.663,2,2,2,2,2,2,2,2,2,2,2,2,2,2
40.6631,4,4,4,4,4,4,4,4,4,4,4,4,4,4
40.6632,5,5,5,5,5,5,5,5,5,5,5,5,5,5
40.6633,6,6,6,6,6,6,6,6,6,6,6,6,6,6
40.6634,2,2,2,2,2,2,2,2,2,2,2,2,2,2
40.6635,1,1,1,1,1,1,1,1,1,1,1,1,1,1
40.6639,2,2,2,2,2,2,2,2,2,2,2,2,2,2
40.664,1,1,1,1,1,1,1,1,1,1,1,1,1,1
40.6641,3,3,3,3,3,3,3,3,3,3,3,3,3,3
40.6644,2,2,2,2,2,2,2,2,2,2,2,2,2,2
40.6645,5,5,5,5,5,5,5,5,5,5,5,5,5,5
40.6646,2,2,2,2,2,2,2,2,2,2,2,2,2,2
40.6647,2,2,2,2,2,2,2,2,2,2,2,2,2,2
40.6649,1,1,1,1,1,1,1,1,1,1,1,1,1,1
40.665,3,3,3,3,3,3,3,3,3,3,3,3,3,3
40.6651,2,2,2,2,2,2,2,2,2,2,2,2,2,2
40.6652,5,5,5,5,5,5,5,5,5,5,5,5,5,5
40.6653,1,1,1,1,1,1,1,1,1,1,1,1,1,1
40.6654,4,4,4,4,4,4,4,4,4,4,4,4,4,4
40.6655,9,9,9,9,9,9,9,9,9,9,9,9,9,9
40.6656,1,1,1,1,1,1,1,1,1,1,1,1,1,1
40.6657,2,2,2,2,2,2,2,2,2,2,2,2,2,2
40.6658,2,2,2,2,2,2,2,2,2,2,2,2,2,2
40.6659,1,1,1,1,1,1,1,1,1,1,1,1,1,1
40.666,1,1,1,1,1,1,1,1,1,1,1,1,1,1
40.6661,8,8,8,8,8,8,8,8,8,8,8,8,8,8
40.6662,2,2,2,2,2,2,2,2,2,2,2,2,2,2
40.6663,4,4,4,4,4,4,4,4,4,4,4,4,4,4
40.6664,11,11,11,11,11,11,11,11,11,11,11,11,11,11
40.6665,11,11,11,11,11,11,11,11,11,11,11,11,11,11
40.6666,4,4,4,4,4,4,4,4,4,4,4,4,4,4
40.6667,4,4,4,4,4,4,4,4,4,4,4,4,4,4
40.6668,14,14,14,14,14,14,14,14,14,14,14,14,14,14
40.6669,9,9,9,9,9,9,9,9,9,9,9,9,9,9
40.667,4,4,4,4,4,4,4,4,4,4,4,4,4,4
40.6671,2,2,2,2,2,2,2,2,2,2,2,2,2,2
40.6672,2,2,2,2,2,2,2,2,2,2,2,2,2,2
40.6673,1,1,1,1,1,1,1,1,1,1,1,1,1,1
40.6674,2,2,2,2,2,2,2,2,2,2,2,2,2,2
40.6675,5,5,5,5,5,5,5,5,5,5,5,5,5,5
40.6676,9,9,9,9,9,9,9,9,9,9,9,9,9,9
40.6677,2,2,2,2,2,2,2,2,2,2,2,2,2,2
40.6678,6,6,6,6,6,6,6,6,6,6,6,6,6,6
40.6679,3,3,3,3,3,3,3,3,3,3,3,3,3,3
40.668,1,1,1,1,1,1,1,1,1,1,1,1,1,1
40.6681,7,7,7,7,7,7,7,7,7,7,7,7,7,7
40.6682,16,16,16,16,16,16,16,16,16,16,16,16,16,16
40.6683,1,1,1,1,1,1,1,1,1,1,1,1,1,1
40.6684,2,2,2,2,2,2,2,2,2,2,2,2,2,2
40.6685,4,4,4,4,4,4,4,4,4,4,4,4,4,4
40.6686,2,2,2,2,2,2,2,2,2,2,2,2,2,2
40.6687,5,5,5,5,5,5,5,5,5,5,5,5,5,5
40.6688,1,1,1,1,1,1,1,1,1,1,1,1,1,1
40.669200000000004,3,3,3,3,3,3,3,3,3,3,3,3,3,3
40.6693,2,2,2,2,2,2,2,2,2,2,2,2,2,2
40.6694,2,2,2,2,2,2,2,2,2,2,2,2,2,2
40.6695,7,7,7,7,7,7,7,7,7,7,7,7,7,7
40.6697,16,16,16,16,16,16,16,16,16,16,16,16,16,16
40.6699,5,5,5,5,5,5,5,5,5,5,5,5,5,5
40.67,2,2,2,2,2,2,2,2,2,2,2,2,2,2
40.6701,1,1,1,1,1,1,1,1,1,1,1,1,1,1
40.6702,2,2,2,2,2,2,2,2,2,2,2,2,2,2
40.6704,9,9,9,9,9,9,9,9,9,9,9,9,9,9
40.6705,1,1,1,1,1,1,1,1,1,1,1,1,1,1
40.6706,3,3,3,3,3,3,3,3,3,3,3,3,3,3
40.6708,6,6,6,6,6,6,6,6,6,6,6,6,6,6
40.6709,7,7,7,7,7,7,7,7,7,7,7,7,7,7
40.671,1,1,1,1,1,1,1,1,1,1,1,1,1,1
40.6711,3,3,3,3,3,3,3,3,3,3,3,3,3,3
40.6712,7,7,7,7,7,7,7,7,7,7,7,7,7,7
40.6713,3,3,3,3,3,3,3,3,3,3,3,3,3,3
40.6714,4,4,4,4,4,4,4,4,4,4,4,4,4,4
40.6715,13,13,13,13,13,13,13,13,13,13,13,13,13,13
40.6716,1,1,1,1,1,1,1,1,1,1,1,1,1,1
40.6717,4,4,4,4,4,4,4,4,4,4,4,4,4,4
40.6718,2,2,2,2,2,2,2,2,2,2,2,2,2,2
40.6719,5,5,5,5,5,5,5,5,5,5,5,5,5,5
40.672,3,3,3,3,3,3,3,3,3,3,3,3,3,3
40.6721,9,9,9,9,9,9,9,9,9,9,9,9,9,9
40.6722,10,10,10,10,10,10,10,10,10,10,10,10,10,10
40.6723,6,6,6,6,6,6,6,6,6,6,6,6,6,6
40.6724,2,2,2,2,2,2,2,2,2,2,2,2,2,2
40.6725,7,7,7,7,7,7,7,7,7,7,7,7,7,7
40.6726,8,8,8,8,8,8,8,8,8,8,8,8,8,8
40.6727,2,2,2,2,2,2,2,2,2,2,2,2,2,2
40.6728,8,8,8,8,8,8,8,8,8,8,8,8,8,8
40.6729,24,24,24,24,24,24,24,24,24,24,24,24,24,24
40.673,3,3,3,3,3,3,3,3,3,3,3,3,3,3
40.6731,1,1,1,1,1,1,1,1,1,1,1,1,1,1
40.6732,4,4,4,4,4,4,4,4,4,4,4,4,4,4
40.6733,8,8,8,8,8,8,8,8,8,8,8,8,8,8
40.6734,3,3,3,3,3,3,3,3,3,3,3,3,3,3
40.6735,4,4,4,4,4,4,4,4,4,4,4,4,4,4
40.6736,18,18,18,18,18,18,18,18,18,18,18,18,18,18
40.6737,1,1,1,1,1,1,1,1,1,1,1,1,1,1
40.6738,4,4,4,4,4,4,4,4,4,4,4,4,4,4
40.6739,4,4,4,4,4,4,4,4,4,4,4,4,4,4
40.674,2,2,2,2,2,2,2,2,2,2,2,2,2,2
40.6741,3,3,3,3,3,3,3,3,3,3,3,3,3,3
40.6742,9,9,9,9,9,9,9,9,9,9,9,9,9,9
40.6743,2,2,2,2,2,2,2,2,2,2,2,2,2,2
40.6744,11,11,11,11,11,11,11,11,11,11,11,11,11,11
40.6745,3,3,3,3,3,3,3,3,3,3,3,3,3,3
40.6746,1,1,1,1,1,1,1,1,1,1,1,1,1,1
40.6748,3,3,3,3,3,3,3,3,3,3,3,3,3,3
40.6749,6,6,6,6,6,6,6,6,6,6,6,6,6,6
40.675,19,19,19,19,19,19,19,19,19,19,19,19,19,19
40.6751,7,7,7,7,7,7,7,7,7,7,7,7,7,7
40.6753,5,5,5,5,5,5,5,5,5,5,5,5,5,5
40.6754,9,9,9,9,9,9,9,9,9,9,9,9,9,9
40.6755,7,7,7,7,7,7,7,7,7,7,7,7,7,7
40.6756,4,4,4,4,4,4,4,4,4,4,4,4,4,4
40.6757,1,1,1,1,1,1,1,1,1,1,1,1,1,1
40.6758,3,3,3,3,3,3,3,3,3,3,3,3,3,3
40.6759,17,17,17,17,17,17,17,17,17,17,17,17,17,17
40.676,3,3,3,3,3,3,3,3,3,3,3,3,3,3
40.6761,5,5,5,5,5,5,5,5,5,5,5,5,5,5
40.6762,2,2,2,2,2,2,2,2,2,2,2,2,2,2
40.6763,7,7,7,7,7,7,7,7,7,7,7,7,7,7
40.6764,13,13,13,13,13,13,13,13,13,13,13,13,13,13
40.6765,11,11,11,11,11,11,11,11,11,11,11,11,11,11
40.6766,3,3,3,3,3,3,3,3,3,3,3,3,3,3
40.6767,12,12,12,12,12,12,12,12,12,12,12,12,12,12
40.6768,2,2,2,2,2,2,2,2,2,2,2,2,2,2
40.6769,13,13,13,13,13,13,13,13,13,13,13,13,13,13
40.677,1,1,1,1,1,1,1,1,1,1,1,1,1,1
40.6771,4,4,4,4,4,4,4,4,4,4,4,4,4,4
40.6772,9,9,9,9,9,9,9,9,9,9,9,9,9,9
40.6773,9,9,9,9,9,9,9,9,9,9,9,9,9,9
40.6774,13,13,13,13,13,13,13,13,13,13,13,13,13,13
40.6775,9,9,9,9,9,9,9,9,9,9,9,9,9,9
40.6776,7,7,7,7,7,7,7,7,7,7,7,7,7,7
40.6777,4,4,4,4,4,4,4,4,4,4,4,4,4,4
40.6778,9,9,9,9,9,9,9,9,9,9,9,9,9,9
40.6779,3,3,3,3,3,3,3,3,3,3,3,3,3,3
40.678,21,21,21,21,21,21,21,21,21,21,21,21,21,21
40.6781,10,10,10,10,10,10,10,10,10,10,10,10,10,10
40.6782,8,8,8,8,8,8,8,8,8,8,8,8,8,8
40.6783,2,2,2,2,2,2,2,2,2,2,2,2,2,2
40.6785,20,20,20,20,20,20,20,20,20,20,20,20,20,20
40.6786,1,1,1,1,1,1,1,1,1,1,1,1,1,1
40.6787,5,5,5,5,5,5,5,5,5,5,5,5,5,5
40.6788,8,8,8,8,8,8,8,8,8,8,8,8,8,8
40.6789,1,1,1,1,1,1,1,1,1,1,1,1,1,1
40.679,7,7,7,7,7,7,7,7,7,7,7,7,7,7
40.6791,2,2,2,2,2,2,2,2,2,2,2,2,2,2
40.6792,1,1,1,1,1,1,1,1,1,1,1,1,1,1
40.6793,2,2,2,2,2,2,2,2,2,2,2,2,2,2
40.6794,2,2,2,2,2,2,2,2,2,2,2,2,2,2
40.6795,6,6,6,6,6,6,6,6,6,6,6,6,6,6
40.6796,5,5,5,5,5,5,5,5,5,5,5,5,5,5
40.6797,1,1,1,1,1,1,1,1,1,1,1,1,1,1
40.6798,16,16,16,16,16,16,16,16,16,16,16,16,16,16
40.6799,2,2,2,2,2,2,2,2,2,2,2,2,2,2
40.68,8,8,8,8,8,8,8,8,8,8,8,8,8,8
40.6801,8,8,8,8,8,8,8,8,8,8,8,8,8,8
40.6802,5,5,5,5,5,5,5,5,5,5,5,5,5,5
40.6803,4,4,4,4,4,4,4,4,4,4,4,4,4,4
40.6804,2,2,2,2,2,2,2,2,2,2,2,2,2,2
40.6805,18,18,18,18,18,18,18,18,18,18,18,18,18,18
40.6806,9,9,9,9,9,9,9,9,9,9,9,9,9,9
40.6807,3,3,3,3,3,3,3,3,3,3,3,3,3,3
40.6808,14,14,14,14,14,14,14,14,14,14,14,14,14,14
40.6809,15,15,15,15,15,15,15,15,15,15,15,15,15,15
40.681,7,7,7,7,7,7,7,7,7,7,7,7,7,7
40.6811,12,12,12,12,12,12,12,12,12,12,12,12,12,12
40.6812,6,6,6,6,6,6,6,6,6,6,6,6,6,6
40.6813,4,4,4,4,4,4,4,4,4,4,4,4,4,4
40.6814,9,9,9,9,9,9,9,9,9,9,9,9,9,9
40.6815,5,5,5,5,5,5,5,5,5,5,5,5,5,5
40.6816,5,5,5,5,5,5,5,5,5,5,5,5,5,5
40.6817,4,4,4,4,4,4,4,4,4,4,4,4,4,4
40.6818,17,17,17,17,17,17,17,17,17,17,17,17,17,17
40.6819,1,1,1,1,1,1,1,1,1,1,1,1,1,1
40.6821,8,8,8,8,8,8,8,8,8,8,8,8,8,8
40.6822,21,21,21,21,21,21,21,21,21,21,21,21,21,21
40.6823,7,7,7,7,7,7,7,7,7,7,7,7,7,7
40.6824,18,18,18,18,18,18,18,18,18,18,18,18,18,18
40.6825,10,10,10,10,10,10,10,10,10,10,10,10,10,10
40.6826,9,9,9,9,9,9,9,9,9,9,9,9,9,9
40.6827,3,3,3,3,3,3,3,3,3,3,3,3,3,3
40.6828,8,8,8,8,8,8,8,8,8,8,8,8,8,8
40.682900000000004,5,5,5,5,5,5,5,5,5,5,5,5,5,5
40.683,2,2,2,2,2,2,2,2,2,2,2,2,2,2
40.6831,5,5,5,5,5,5,5,5,5,5,5,5,5,5
40.6832,8,8,8,8,8,8,8,8,8,8,8,8,8,8
40.6833,6,6,6,6,6,6,6,6,6,6,6,6,6,6
40.6834,6,6,6,6,6,6,6,6,6,6,6,6,6,6
40.6835,10,10,10,10,10,10,10,10,10,10,10,10,10,10
40.6836,1,1,1,1,1,1,1,1,1,1,1,1,1,1
40.6838,21,21,21,21,21,21,21,21,21,21,21,21,21,21
40.6839,2,2,2,2,2,2,2,2,2,2,2,2,2,2
40.684,2,2,2,2,2,2,2,2,2,2,2,2,2,2
40.6841,3,3,3,3,3,3,3,3,3,3,3,3,3,3
40.6842,12,12,12,12,12,12,12,12,12,12,12,12,12,12
40.6843,7,7,7,7,7,7,7,7,7,7,7,7,7,7
40.6844,3,3,3,3,3,3,3,3,3,3,3,3,3,3
40.6845,4,4,4,4,4,4,4,4,4,4,4,4,4,4
40.6846,1,1,1,1,1,1,1,1,1,1,1,1,1,1
40.6847,2,2,2,2,2,2,2,2,2,2,2,2,2,2
40.6848,3,3,3,3,3,3,3,3,3,3,3,3,3,3
40.6849,5,5,5,5,5,5,5,5,5,5,5,5,5,5
40.685,7,7,7,7,7,7,7,7,7,7,7,7,7,7
40.6851,8,8,8,8,8,8,8,8,8,8,8,8,8,8
40.6852,9,9,9,9,9,9,9,9,9,9,9,9,9,9
40.6853,9,9,9,9,9,9,9,9,9,9,9,9,9,9
40.6854,1,1,1,1,1,1,1,1,1,1,1,1,1,1
40.6855,1,1,1,1,1,1,1,1,1,1,1,1,1,1
40.6856,3,3,3,3,3,3,3,3,3,3,3,3,3,3
40.6857,14,14,14,14,14,14,14,14,14,14,14,14,14,14
40.6858,2,2,2,2,2,2,2,2,2,2,2,2,2,2
40.6859,2,2,2,2,2,2,2,2,2,2,2,2,2,2
40.686,7,7,7,7,7,7,7,7,7,7,7,7,7,7
40.6861,13,13,13,13,13,13,13,13,13,13,13,13,13,13
40.6862,22,22,22,22,22,22,22,22,22,22,22,22,22,22
40.6863,1,1,1,1,1,1,1,1,1,1,1,1,1,1
40.6864,2,2,2,2,2,2,2,2,2,2,2,2,2,2
40.6865,11,11,11,11,11,11,11,11,11,11,11,11,11,11
40.6866,9,9,9,9,9,9,9,9,9,9,9,9,9,9
40.6867,7,7,7,7,7,7,7,7,7,7,7,7,7,7
40.6869,10,10,10,10,10,10,10,10,10,10,10,10,10,10
40.687,7,7,7,7,7,7,7,7,7,7,7,7,7,7
40.6871,7,7,7,7,7,7,7,7,7,7,7,7,7,7
40.6872,10,10,10,10,10,10,10,10,10,10,10,10,10,10
40.6873,1,1,1,1,1,1,1,1,1,1,1,1,1,1
40.6874,13,13,13,13,13,13,13,13,13,13,13,13,13,13
40.6875,10,10,10,10,10,10,10,10,10,10,10,10,10,10
40.6876,15,15,15,15,15,15,15,15,15,15,15,15,15,15
40.6877,30,30,30,30,30,30,30,30,30,30,30,30,30,30
40.6878,7,7,7,7,7,7,7,7,7,7,7,7,7,7
40.6879,7,7,7,7,7,7,7,7,7,7,7,7,7,7
40.688,6,6,6,6,6,6,6,6,6,6,6,6,6,6
40.6881,25,25,25,25,25,25,25,25,25,25,25,25,25,25
40.6882,9,9,9,9,9,9,9,9,9,9,9,9,9,9
40.6883,21,21,21,21,21,21,21,21,21,21,21,21,21,21
40.6884,9,9,9,9,9,9,9,9,9,9,9,9,9,9
40.6885,2,2,2,2,2,2,2,2,2,2,2,2,2,2
40.6886,6,6,6,6,6,6,6,6,6,6,6,6,6,6
40.6887,44,44,44,44,44,44,44,44,44,44,44,44,44,44
40.6888,11,11,11,11,11,11,11,11,11,11,11,11,11,11
40.6889,5,5,5,5,5,5,5,5,5,5,5,5,5,5
40.689,10,10,10,10,10,10,10,10,10,10,10,10,10,10
40.6891,14,14,14,14,14,14,14,14,14,14,14,14,14,14
40.6892,4,4,4,4,4,4,4,4,4,4,4,4,4,4
40.6893,13,13,13,13,13,13,13,13,13,13,13,13,13,13
40.6894,1,1,1,1,1,1,1,1,1,1,1,1,1,1
40.6895,11,11,11,11,11,11,11,11,11,11,11,11,11,11
40.6896,15,15,15,15,15,15,15,15,15,15,15,15,15,15
40.6897,15,15,15,15,15,15,15,15,15,15,15,15,15,15
40.6898,18,18,18,18,18,18,18,18,18,18,18,18,18,18
40.6899,12,12,12,12,12,12,12,12,12,12,12,12,12,12
40.69,39,39,39,39,39,39,39,39,39,39,39,39,39,39
40.6901,1,1,1,1,1,1,1,1,1,1,1,1,1,1
40.6902,3,3,3,3,3,3,3,3,3,3,3,3,3,3
40.6903,7,7,7,7,7,7,7,7,7,7,7,7,7,7
40.6904,5,5,5,5,5,5,5,5,5,5,5,5,5,5
40.6905,37,37,37,37,37,37,37,37,37,37,37,37,37,37
40.6906,1,1,1,1,1,1,1,1,1,1,1,1,1,1
40.6907,40,40,40,40,40,40,40,40,40,40,40,40,40,40
40.6908,10,10,10,10,10,10,10,10,10,10,10,10,10,10
40.6909,8,8,8,8,8,8,8,8,8,8,8,8,8,8
40.691,12,12,12,12,12,12,12,12,12,12,12,12,12,12
40.6911,8,8,8,8,8,8,8,8,8,8,8,8,8,8
40.6912,7,7,7,7,7,7,7,7,7,7,7,7,7,7
40.6913,12,12,12,12,12,12,12,12,12,12,12,12,12,12
40.6914,7,7,7,7,7,7,7,7,7,7,7,7,7,7
40.6915,2,2,2,2,2,2,2,2,2,2,2,2,2,2
40.6916,2,2,2,2,2,2,2,2,2,2,2,2,2,2
40.6917,3,3,3,3,3,3,3,3,3,3,3,3,3,3
40.6918,6,6,6,6,6,6,6,6,6,6,6,6,6,6
40.6919,4,4,4,4,4,4,4,4,4,4,4,4,4,4
40.692,6,6,6,6,6,6,6,6,6,6,6,6,6,6
40.6921,12,12,12,12,12,12,12,12,12,12,12,12,12,12
40.6922,9,9,9,9,9,9,9,9,9,9,9,9,9,9
40.6923,6,6,6,6,6,6,6,6,6,6,6,6,6,6
40.6924,1,1,1,1,1,1,1,1,1,1,1,1,1,1
40.6925,11,11,11,11,11,11,11,11,11,11,11,11,11,11
40.6926,8,8,8,8,8,8,8,8,8,8,8,8,8,8
40.6927,57,57,57,57,57,57,57,57,57,57,57,57,57,57
40.6928,4,4,4,4,4,4,4,4,4,4,4,4,4,4
40.6929,2,2,2,2,2,2,2,2,2,2,2,2,2,2
40.693,17,17,17,17,17,17,17,17,17,17,17,17,17,17
40.6931,17,17,17,17,17,17,17,17,17,17,17,17,17,17
40.6932,5,5,5,5,5,5,5,5,5,5,5,5,5,5
40.6933,11,11,11,11,11,11,11,11,11,11,11,11,11,11
40.6934,3,3,3,3,3,3,3,3,3,3,3,3,3,3
40.6935,15,15,15,15,15,15,15,15,15,15,15,15,15,15
40.6936,13,13,13,13,13,13,13,13,13,13,13,13,13,13
40.6937,6,6,6,6,6,6,6,6,6,6,6,6,6,6
40.6938,23,23,23,23,23,23,23,23,23,23,23,23,23,23
40.6939,12,12,12,12,12,12,12,12,12,12,12,12,12,12
40.694,22,22,22,22,22,22,22,22,22,22,22,22,22,22
40.6941,24,24,24,24,24,24,24,24,24,24,24,24,24,24
40.6942,9,9,9,9,9,9,9,9,9,9,9,9,9,9
40.6943,9,9,9,9,9,9,9,9,9,9,9,9,9,9
40.6944,5,5,5,5,5,5,5,5,5,5,5,5,5,5
40.6945,11,11,11,11,11,11,11,11,11,11,11,11,11,11
40.6946,7,7,7,7,7,7,7,7,7,7,7,7,7,7
40.6947,7,7,7,7,7,7,7,7,7,7,7,7,7,7
40.6948,7,7,7,7,7,7,7,7,7,7,7,7,7,7
40.6949,4,4,4,4,4,4,4,4,4,4,4,4,4,4
40.695,10,10,10,10,10,10,10,10,10,10,10,10,10,10
40.6951,6,6,6,6,6,6,6,6,6,6,6,6,6,6
40.6952,25,25,25,25,25,25,25,25,25,25,25,25,25,25
40.6953,9,9,9,9,9,9,9,9,9,9,9,9,9,9
40.6954,10,10,10,10,10,10,10,10,10,10,10,10,10,10
40.6955,4,4,4,4,4,4,4,4,4,4,4,4,4,4
40.6956,10,10,10,10,10,10,10,10,10,10,10,10,10,10
40.6957,4,4,4,4,4,4,4,4,4,4,4,4,4,4
40.6958,1,1,1,1,1,1,1,1,1,1,1,1,1,1
40.6959,7,7,7,7,7,7,7,7,7,7,7,7,7,7
40.696,2,2,2,2,2,2,2,2,2,2,2,2,2,2
40.6961,3,3,3,3,3,3,3,3,3,3,3,3,3,3
40.6962,13,13,13,13,13,13,13,13,13,13,13,13,13,13
40.6963,9,9,9,9,9,9,9,9,9,9,9,9,9,9
40.6964,2,2,2,2,2,2,2,2,2,2,2,2,2,2
40.6965,3,3,3,3,3,3,3,3,3,3,3,3,3,3
40.6966,10,10,10,10,10,10,10,10,10,10,10,10,10,10
40.6967,2,2,2,2,2,2,2,2,2,2,2,2,2,2
40.6968,14,14,14,14,14,14,14,14,14,14,14,14,14,14
40.6969,65,65,65,65,65,65,65,65,65,65,65,65,65,65
40.697,1,1,1,1,1,1,1,1,1,1,1,1,1,1
40.6971,2,2,2,2,2,2,2,2,2,2,2,2,2,2
40.6972,5,5,5,5,5,5,5,5,5,5,5,5,5,5
40.6974,1,1,1,1,1,1,1,1,1,1,1,1,1,1
40.6975,18,18,18,18,18,18,18,18,18,18,18,18,18,18
40.6976,2,2,2,2,2,2,2,2,2,2,2,2,2,2
40.6977,5,5,5,5,5,5,5,5,5,5,5,5,5,5
40.6978,3,3,3,3,3,3,3,3,3,3,3,3,3,3
40.6979,2,2,2,2,2,2,2,2,2,2,2,2,2,2
40.698,8,8,8,8,8,8,8,8,8,8,8,8,8,8
40.6981,7,7,7,7,7,7,7,7,7,7,7,7,7,7
40.6982,6,6,6,6,6,6,6,6,6,6,6,6,6,6
40.6983,27,27,27,27,27,27,27,27,27,27,27,27,27,27
40.6984,6,6,6,6,6,6,6,6,6,6,6,6,6,6
40.6985,5,5,5,5,5,5,5,5,5,5,5,5,5,5
40.6986,8,8,8,8,8,8,8,8,8,8,8,8,8,8
40.6987,5,5,5,5,5,5,5,5,5,5,5,5,5,5
40.6988,24,24,24,24,24,24,24,24,24,24,24,24,24,24
40.6989,4,4,4,4,4,4,4,4,4,4,4,4,4,4
40.699,5,5,5,5,5,5,5,5,5,5,5,5,5,5
40.6991,1,1,1,1,1,1,1,1,1,1,1,1,1,1
40.6993,5,5,5,5,5,5,5,5,5,5,5,5,5,5
40.6994,12,12,12,12,12,12,12,12,12,12,12,12,12,12
40.6995,1,1,1,1,1,1,1,1,1,1,1,1,1,1
40.6996,13,13,13,13,13,13,13,13,13,13,13,13,13,13
40.6997,1,1,1,1,1,1,1,1,1,1,1,1,1,1
40.6998,7,7,7,7,7,7,7,7,7,7,7,7,7,7
40.6999,6,6,6,6,6,6,6,6,6,6,6,6,6,6
40.7001,4,4,4,4,4,4,4,4,4,4,4,4,4,4
40.7002,2,2,2,2,2,2,2,2,2,2,2,2,2,2
40.7003,3,3,3,3,3,3,3,3,3,3,3,3,3,3
40.7004,1,1,1,1,1,1,1,1,1,1,1,1,1,1
40.7005,6,6,6,6,6,6,6,6,6,6,6,6,6,6
40.7006,10,10,10,10,10,10,10,10,10,10,10,10,10,10
40.7007,4,4,4,4,4,4,4,4,4,4,4,4,4,4
40.7008,4,4,4,4,4,4,4,4,4,4,4,4,4,4
40.7009,1,1,1,1,1,1,1,1,1,1,1,1,1,1
40.701,3,3,3,3,3,3,3,3,3,3,3,3,3,3
40.7011,5,5,5,5,5,5,5,5,5,5,5,5,5,5
40.7012,9,9,9,9,9,9,9,9,9,9,9,9,9,9
40.7013,1,1,1,1,1,1,1,1,1,1,1,1,1,1
40.7014,2,2,2,2,2,2,2,2,2,2,2,2,2,2
40.7015,8,8,8,8,8,8,8,8,8,8,8,8,8,8
40.7016,2,2,2,2,2,2,2,2,2,2,2,2,2,2
40.7017,1,1,1,1,1,1,1,1,1,1,1,1,1,1
40.7018,4,4,4,4,4,4,4,4,4,4,4,4,4,4
40.7019,2,2,2,2,2,2,2,2,2,2,2,2,2,2
40.702,7,7,7,7,7,7,7,7,7,7,7,7,7,7
40.7021,6,6,6,6,6,6,6,6,6,6,6,6,6,6
40.7022,7,7,7,7,7,7,7,7,7,7,7,7,7,7
40.7023,13,13,13,13,13,13,13,13,13,13,13,13,13,13
40.7024,9,9,9,9,9,9,9,9,9,9,9,9,9,9
40.7025,6,6,6,6,6,6,6,6,6,6,6,6,6,6
40.7026,3,3,3,3,3,3,3,3,3,3,3,3,3,3
40.7027,12,12,12,12,12,12,12,12,12,12,12,12,12,12
40.7028,8,8,8,8,8,8,8,8,8,8,8,8,8,8
40.7029,3,3,3,3,3,3,3,3,3,3,3,3,3,3
40.703,6,6,6,6,6,6,6,6,6,6,6,6,6,6
40.7031,20,20,20,20,20,20,20,20,20,20,20,20,20,20
40.7032,67,67,67,67,67,67,67,67,67,67,67,67,67,67
40.7033,7,7,7,7,7,7,7,7,7,7,7,7,7,7
40.7034,6,6,6,6,6,6,6,6,6,6,6,6,6,6
40.7035,68,68,68,68,68,68,68,68,68,68,68,68,68,68
40.7036,3,3,3,3,3,3,3,3,3,3,3,3,3,3
40.7037,18,18,18,18,18,18,18,18,18,18,18,18,18,18
40.7038,1,1,1,1,1,1,1,1,1,1,1,1,1,1
40.7039,12,12,12,12,12,12,12,12,12,12,12,12,12,12
40.704,8,8,8,8,8,8,8,8,8,8,8,8,8,8
40.7041,4,4,4,4,4,4,4,4,4,4,4,4,4,4
40.7042,3,3,3,3,3,3,3,3,3,3,3,3,3,3
40.7043,5,5,5,5,5,5,5,5,5,5,5,5,5,5
40.7044,7,7,7,7,7,7,7,7,7,7,7,7,7,7
40.7045,87,87,87,87,87,87,87,87,87,87,87,87,87,87
40.7046,27,27,27,27,27,27,27,27,27,27,27,27,27,27
40.7047,125,125,125,125,125,125,125,125,125,125,125,125,125,125
40.7048,8,8,8,8,8,8,8,8,8,8,8,8,8,8
40.7049,11,11,11,11,11,11,11,11,11,11,11,11,11,11
40.705,9,9,9,9,9,9,9,9,9,9,9,9,9,9
40.7051,12,12,12,12,12,12,12,12,12,12,12,12,12,12
40.7052,24,24,24,24,24,24,24,24,24,24,24,24,24,24
40.7053,74,74,74,74,74,74,74,74,74,74,74,74,74,74
40.7054,73,73,73,73,73,73,73,73,73,73,73,73,73,73
40.7055,13,13,13,13,13,13,13,13,13,13,13,13,13,13
40.7056,160,160,160,160,160,160,160,160,160,160,160,160,160,160
40.7057,26,26,26,26,26,26,26,26,26,26,26,26,26,26
40.705799999999996,37,37,37,37,37,37,37,37,37,37,37,37,37,37
40.7059,12,12,12,12,12,12,12,12,12,12,12,12,12,12
40.706,73,73,73,73,73,73,73,73,73,73,73,73,73,73
40.7061,73,73,73,73,73,73,73,73,73,73,73,73,73,73
40.7062,104,104,104,104,104,104,104,104,104,104,104,104,104,104
40.7063,15,15,15,15,15,15,15,15,15,15,15,15,15,15
40.7064,85,85,85,85,85,85,85,85,85,85,85,85,85,85
40.7065,48,48,48,48,48,48,48,48,48,48,48,48,48,48
40.7066,31,31,31,31,31,31,31,31,31,31,31,31,31,31
40.7067,223,223,223,223,223,223,223,223,223,223,223,223,223,223
40.7068,21,21,21,21,21,21,21,21,21,21,21,21,21,21
40.7069,38,38,38,38,38,38,38,38,38,38,38,38,38,38
40.707,9,9,9,9,9,9,9,9,9,9,9,9,9,9
40.7071,11,11,11,11,11,11,11,11,11,11,11,11,11,11
40.7072,23,23,23,23,23,23,23,23,23,23,23,23,23,23
40.707300000000004,236,236,236,236,236,236,236,236,236,236,236,236,236,236
40.7074,244,244,244,244,244,244,244,244,244,244,244,244,244,244
40.7075,179,179,179,179,179,179,179,179,179,179,179,179,179,179
40.7076,18,18,18,18,18,18,18,18,18,18,18,18,18,18
40.7077,32,32,32,32,32,32,32,32,32,32,32,32,32,32
40.7078,29,29,29,29,29,29,29,29,29,29,29,29,29,29
40.7079,31,31,31,31,31,31,31,31,31,31,31,31,31,31
40.708,213,213,213,213,213,213,213,213,213,213,213,213,213,213
40.7081,170,170,170,170,170,170,170,170,170,170,170,170,170,170
40.7082,11,11,11,11,11,11,11,11,11,11,11,11,11,11
40.7083,47,47,47,47,47,47,47,47,47,47,47,47,47,47
40.7084,158,158,158,158,158,158,158,158,158,158,158,158,158,158
40.7085,36,36,36,36,36,36,36,36,36,36,36,36,36,36
40.7086,9,9,9,9,9,9,9,9,9,9,9,9,9,9
40.7087,64,64,64,64,64,64,64,64,64,64,64,64,64,64
40.7088,54,54,54,54,54,54,54,54,54,54,54,54,54,54
40.7089,9,9,9,9,9,9,9,9,9,9,9,9,9,9
40.709,8,8,8,8,8,8,8,8,8,8,8,8,8,8
40.7091,61,61,61,61,61,61,61,61,61,61,61,61,61,61
40.7092,24,24,24,24,24,24,24,24,24,24,24,24,24,24
40.7093,11,11,11,11,11,11,11,11,11,11,11,11,11,11
40.7094,20,20,20,20,20,20,20,20,20,20,20,20,20,20
40.7095,19,19,19,19,19,19,19,19,19,19,19,19,19,19
40.7096,23,23,23,23,23,23,23,23,23,23,23,23,23,23
40.7097,18,18,18,18,18,18,18,18,18,18,18,18,18,18
40.7098,30,30,30,30,30,30,30,30,30,30,30,30,30,30
40.7099,12,12,12,12,12,12,12,12,12,12,12,12,12,12
40.71,74,74,74,74,74,74,74,74,74,74,74,74,74,74
40.7101,4,4,4,4,4,4,4,4,4,4,4,4,4,4
40.7102,4,4,4,4,4,4,4,4,4,4,4,4,4,4
40.7103,10,10,10,10,10,10,10,10,10,10,10,10,10,10
40.7104,41,41,41,41,41,41,41,41,41,41,41,41,41,41
40.7105,19,19,19,19,19,19,19,19,19,19,19,19,19,19
40.7106,8,8,8,8,8,8,8,8,8,8,8,8,8,8
40.7107,8,8,8,8,8,8,8,8,8,8,8,8,8,8
40.7108,13,13,13,13,13,13,13,13,13,13,13,13,13,13
40.7109,25,25,25,25,25,25,25,25,25,25,25,25,25,25
40.711,20,20,20,20,20,20,20,20,20,20,20,20,20,20
40.7111,124,124,124,124,124,124,124,124,124,124,124,124,124,124
40.7112,5,5,5,5,5,5,5,5,5,5,5,5,5,5
40.7113,36,36,36,36,36,36,36,36,36,36,36,36,36,36
40.7114,25,25,25,25,25,25,25,25,25,25,25,25,25,25
40.7115,3,3,3,3,3,3,3,3,3,3,3,3,3,3
40.7116,6,6,6,6,6,6,6,6,6,6,6,6,6,6
40.7117,5,5,5,5,5,5,5,5,5,5,5,5,5,5
40.7118,14,14,14,14,14,14,14,14,14,14,14,14,14,14
40.7119,5,5,5,5,5,5,5,5,5,5,5,5,5,5
40.712,13,13,13,13,13,13,13,13,13,13,13,13,13,13
40.7121,61,61,61,61,61,61,61,61,61,61,61,61,61,61
40.7122,11,11,11,11,11,11,11,11,11,11,11,11,11,11
40.7123,16,16,16,16,16,16,16,16,16,16,16,16,16,16
40.7124,6,6,6,6,6,6,6,6,6,6,6,6,6,6
40.7125,5,5,5,5,5,5,5,5,5,5,5,5,5,5
40.7126,3,3,3,3,3,3,3,3,3,3,3,3,3,3
40.7127,5,5,5,5,5,5,5,5,5,5,5,5,5,5
40.7128,35,35,35,35,35,35,35,35,35,35,35,35,35,35
40.7129,4,4,4,4,4,4,4,4,4,4,4,4,4,4
40.713,2,2,2,2,2,2,2,2,2,2,2,2,2,2
40.7131,13,13,13,13,13,13,13,13,13,13,13,13,13,13
40.7132,2,2,2,2,2,2,2,2,2,2,2,2,2,2
40.7133,20,20,20,20,20,20,20,20,20,20,20,20,20,20
40.7134,8,8,8,8,8,8,8,8,8,8,8,8,8,8
40.7135,3,3,3,3,3,3,3,3,3,3,3,3,3,3
40.7136,10,10,10,10,10,10,10,10,10,10,10,10,10,10
40.7137,20,20,20,20,20,20,20,20,20,20,20,20,20,20
40.7138,22,22,22,22,22,22,22,22,22,22,22,22,22,22
40.7139,19,19,19,19,19,19,19,19,19,19,19,19,19,19
40.714,7,7,7,7,7,7,7,7,7,7,7,7,7,7
40.7141,71,71,71,71,71,71,71,71,71,71,71,71,71,71
40.7142,9,9,9,9,9,9,9,9,9,9,9,9,9,9
40.7143,4,4,4,4,4,4,4,4,4,4,4,4,4,4
40.7144,2,2,2,2,2,2,2,2,2,2,2,2,2,2
40.7145,19,19,19,19,19,19,19,19,19,19,19,19,19,19
40.7146,4,4,4,4,4,4,4,4,4,4,4,4,4,4
40.7147,8,8,8,8,8,8,8,8,8,8,8,8,8,8
40.7148,8,8,8,8,8,8,8,8,8,8,8,8,8,8
40.7149,2,2,2,2,2,2,2,2,2,2,2,2,2,2
40.715,15,15,15,15,15,15,15,15,15,15,15,15,15,15
40.7151,10,10,10,10,10,10,10,10,10,10,10,10,10,10
40.7152,19,19,19,19,19,19,19,19,19,19,19,19,19,19
40.7153,1,1,1,1,1,1,1,1,1,1,1,1,1,1
40.7154,8,8,8,8,8,8,8,8,8,8,8,8,8,8
40.7155,6,6,6,6,6,6,6,6,6,6,6,6,6,6
40.7156,27,27,27,27,27,27,27,27,27,27,27,27,27,27
40.7157,8,8,8,8,8,8,8,8,8,8,8,8,8,8
40.7158,12,12,12,12,12,12,12,12,12,12,12,12,12,12
40.7159,8,8,8,8,8,8,8,8,8,8,8,8,8,8
40.716,70,70,70,70,70,70,70,70,70,70,70,70,70,70
40.7161,12,12,12,12,12,12,12,12,12,12,12,12,12,12
40.7162,45,45,45,45,45,45,45,45,45,45,45,45,45,45
40.7163,35,35,35,35,35,35,35,35,35,35,35,35,35,35
40.7164,12,12,12,12,12,12,12,12,12,12,12,12,12,12
40.7165,20,20,20,20,20,20,20,20,20,20,20,20,20,20
40.7166,38,38,38,38,38,38,38,38,38,38,38,38,38,38
40.7167,11,11,11,11,11,11,11,11,11,11,11,11,11,11
40.7168,10,10,10,10,10,10,10,10,10,10,10,10,10,10
40.7169,24,24,24,24,24,24,24,24,24,24,24,24,24,24
40.717,6,6,6,6,6,6,6,6,6,6,6,6,6,6
40.7171,20,20,20,20,20,20,20,20,20,20,20,20,20,20
40.7172,12,12,12,12,12,12,12,12,12,12,12,12,12,12
40.7173,14,14,14,14,14,14,14,14,14,14,14,14,14,14
40.7174,25,25,25,25,25,25,25,25,25,25,25,25,25,25
40.7175,14,14,14,14,14,14,14,14,14,14,14,14,14,14
40.7176,74,74,74,74,74,74,74,74,74,74,74,74,74,74
40.7177,50,50,50,50,50,50,50,50,50,50,50,50,50,50
40.7178,14,14,14,14,14,14,14,14,14,14,14,14,14,14
40.7179,36,36,36,36,36,36,36,36,36,36,36,36,36,36
40.718,27,27,27,27,27,27,27,27,27,27,27,27,27,27
40.7181,13,13,13,13,13,13,13,13,13,13,13,13,13,13
40.7182,88,88,88,88,88,88,88,88,88,88,88,88,88,88
40.7183,23,23,23,23,23,23,23,23,23,23,23,23,23,23
40.7184,28,28,28,28,28,28,28,28,28,28,28,28,28,28
40.7185,26,26,26,26,26,26,26,26,26,26,26,26,26,26
40.7186,25,25,25,25,25,25,25,25,25,25,25,25,25,25
40.7187,24,24,24,24,24,24,24,24,24,24,24,24,24,24
40.7188,8,8,8,8,8,8,8,8,8,8,8,8,8,8
40.7189,16,16,16,16,16,16,16,16,16,16,16,16,16,16
40.719,26,26,26,26,26,26,26,26,26,26,26,26,26,26
40.7191,71,71,71,71,71,71,71,71,71,71,71,71,71,71
40.7192,37,37,37,37,37,37,37,37,37,37,37,37,37,37
40.7193,12,12,12,12,12,12,12,12,12,12,12,12,12,12
40.7194,20,20,20,20,20,20,20,20,20,20,20,20,20,20
40.7195,12,12,12,12,12,12,12,12,12,12,12,12,12,12
40.7196,42,42,42,42,42,42,42,42,42,42,42,42,42,42
40.7197,32,32,32,32,32,32,32,32,32,32,32,32,32,32
40.7198,67,67,67,67,67,67,67,67,67,67,67,67,67,67
40.7199,44,44,44,44,44,44,44,44,44,44,44,44,44,44
40.72,27,27,27,27,27,27,27,27,27,27,27,27,27,27
40.7201,12,12,12,12,12,12,12,12,12,12,12,12,12,12
40.7202,31,31,31,31,31,31,31,31,31,31,31,31,31,31
40.7203,16,16,16,16,16,16,16,16,16,16,16,16,16,16
40.7204,30,30,30,30,30,30,30,30,30,30,30,30,30,30
40.7205,15,15,15,15,15,15,15,15,15,15,15,15,15,15
40.7206,20,20,20,20,20,20,20,20,20,20,20,20,20,20
40.7207,21,21,21,21,21,21,21,21,21,21,21,21,21,21
40.7208,40,40,40,40,40,40,40,40,40,40,40,40,40,40
40.7209,21,21,21,21,21,21,21,21,21,21,21,21,21,21
40.721,10,10,10,10,10,10,10,10,10,10,10,10,10,10
40.7211,7,7,7,7,7,7,7,7,7,7,7,7,7,7
40.7212,9,9,9,9,9,9,9,9,9,9,9,9,9,9
40.7213,32,32,32,32,32,32,32,32,32,32,32,32,32,32
40.7214,18,18,18,18,18,18,18,18,18,18,18,18,18,18
40.7215,35,35,35,35,35,35,35,35,35,35,35,35,35,35
40.7216,50,50,50,50,50,50,50,50,50,50,50,50,50,50
40.7217,8,8,8,8,8,8,8,8,8,8,8,8,8,8
40.7218,19,19,19,19,19,19,19,19,19,19,19,19,19,19
40.7219,15,15,15,15,15,15,15,15,15,15,15,15,15,15
40.722,29,29,29,29,29,29,29,29,29,29,29,29,29,29
40.7221,20,20,20,20,20,20,20,20,20,20,20,20,20,20
40.7222,31,31,31,31,31,31,31,31,31,31,31,31,31,31
40.7223,59,59,59,59,59,59,59,59,59,59,59,59,59,59
40.7224,16,16,16,16,16,16,16,16,16,16,16,16,16,16
40.7225,31,31,31,31,31,31,31,31,31,31,31,31,31,31
40.7226,31,31,31,31,31,31,31,31,31,31,31,31,31,31
40.7227,15,15,15,15,15,15,15,15,15,15,15,15,15,15
40.7228,70,70,70,70,70,70,70,70,70,70,70,70,70,70
40.7229,21,21,21,21,21,21,21,21,21,21,21,21,21,21
40.723,18,18,18,18,18,18,18,18,18,18,18,18,18,18
40.7231,119,119,119,119,119,119,119,119,119,119,119,119,119,119
40.7232,11,11,11,11,11,11,11,11,11,11,11,11,11,11
40.7233,74,74,74,74,74,74,74,74,74,74,74,74,74,74
40.7234,25,25,25,25,25,25,25,25,25,25,25,25,25,25
40.7235,10,10,10,10,10,10,10,10,10,10,10,10,10,10
40.7236,44,44,44,44,44,44,44,44,44,44,44,44,44,44
40.7237,32,32,32,32,32,32,32,32,32,32,32,32,32,32
40.7238,59,59,59,59,59,59,59,59,59,59,59,59,59,59
40.7239,85,85,85,85,85,85,85,85,85,85,85,85,85,85
40.724,74,74,74,74,74,74,74,74,74,74,74,74,74,74
40.7241,10,10,10,10,10,10,10,10,10,10,10,10,10,10
40.7242,57,57,57,57,57,57,57,57,57,57,57,57,57,57
40.7243,65,65,65,65,65,65,65,65,65,65,65,65,65,65
40.7244,53,53,53,53,53,53,53,53,53,53,53,53,53,53
40.7245,13,13,13,13,13,13,13,13,13,13,13,13,13,13
40.7246,34,34,34,34,34,34,34,34,34,34,34,34,34,34
40.7247,37,37,37,37,37,37,37,37,37,37,37,37,37,37
40.7248,68,68,68,68,68,68,68,68,68,68,68,68,68,68
40.7249,9,9,9,9,9,9,9,9,9,9,9,9,9,9
40.725,6,6,6,6,6,6,6,6,6,6,6,6,6,6
40.7251,16,16,16,16,16,16,16,16,16,16,16,16,16,16
40.7252,65,65,65,65,65,65,65,65,65,65,65,65,65,65
40.7253,26,26,26,26,26,26,26,26,26,26,26,26,26,26
40.7254,34,34,34,34,34,34,34,34,34,34,34,34,34,34
40.7255,41,41,41,41,41,41,41,41,41,41,41,41,41,41
40.7256,3,3,3,3,3,3,3,3,3,3,3,3,3,3
40.7257,37,37,37,37,37,37,37,37,37,37,37,37,37,37
40.7258,79,79,79,79,79,79,79,79,79,79,79,79,79,79
40.7259,15,15,15,15,15,15,15,15,15,15,15,15,15,15
40.726,80,80,80,80,80,80,80,80,80,80,80,80,80,80
40.7261,37,37,37,37,37,37,37,37,37,37,37,37,37,37
40.7262,13,13,13,13,13,13,13,13,13,13,13,13,13,13
40.7263,24,24,24,24,24,24,24,24,24,24,24,24,24,24
40.7264,29,29,29,29,29,29,29,29,29,29,29,29,29,29
40.7265,37,37,37,37,37,37,37,37,37,37,37,37,37,37
40.7266,38,38,38,38,38,38,38,38,38,38,38,38,38,38
40.7267,76,76,76,76,76,76,76,76,76,76,76,76,76,76
40.7268,48,48,48,48,48,48,48,48,48,48,48,48,48,48
40.7269,61,61,61,61,61,61,61,61,61,61,61,61,61,61
40.727,24,24,24,24,24,24,24,24,24,24,24,24,24,24
40.7271,32,32,32,32,32,32,32,32,32,32,32,32,32,32
40.7272,48,48,48,48,48,48,48,48,48,48,48,48,48,48
40.7273,41,41,41,41,41,41,41,41,41,41,41,41,41,41
40.7274,47,47,47,47,47,47,47,47,47,47,47,47,47,47
40.7275,37,37,37,37,37,37,37,37,37,37,37,37,37,37
40.7276,45,45,45,45,45,45,45,45,45,45,45,45,45,45
40.7277,59,59,59,59,59,59,59,59,59,59,59,59,59,59
40.7278,88,88,88,88,88,88,88,88,88,88,88,88,88,88
40.7279,47,47,47,47,47,47,47,47,47,47,47,47,47,47
40.728,40,40,40,40,40,40,40,40,40,40,40,40,40,40
40.7281,25,25,25,25,25,25,25,25,25,25,25,25,25,25
40.7282,54,54,54,54,54,54,54,54,54,54,54,54,54,54
40.7283,75,75,75,75,75,75,75,75,75,75,75,75,75,75
40.7284,41,41,41,41,41,41,41,41,41,41,41,41,41,41
40.7285,55,55,55,55,55,55,55,55,55,55,55,55,55,55
40.7286,36,36,36,36,36,36,36,36,36,36,36,36,36,36
40.7287,68,68,68,68,68,68,68,68,68,68,68,68,68,68
40.7288,59,59,59,59,59,59,59,59,59,59,59,59,59,59
40.7289,10,10,10,10,10,10,10,10,10,10,10,10,10,10
40.729,18,18,18,18,18,18,18,18,18,18,18,18,18,18
40.7291,66,66,66,66,66,66,66,66,66,66,66,66,66,66
40.7292,38,38,38,38,38,38,38,38,38,38,38,38,38,38
40.7293,36,36,36,36,36,36,36,36,36,36,36,36,36,36
40.7294,30,30,30,30,30,30,30,30,30,30,30,30,30,30
40.7295,63,63,63,63,63,63,63,63,63,63,63,63,63,63
40.7296,41,41,41,41,41,41,41,41,41,41,41,41,41,41
40.7297,149,149,149,149,149,149,149,149,149,149,149,149,149,149
40.7298,75,75,75,75,75,75,75,75,75,75,75,75,75,75
40.7299,75,75,75,75,75,75,75,75,75,75,75,75,75,75
40.73,121,121,121,121,121,121,121,121,121,121,121,121,121,121
40.7301,246,246,246,246,246,246,246,246,246,246,246,246,246,246
40.7302,68,68,68,68,68,68,68,68,68,68,68,68,68,68
40.7303,8,8,8,8,8,8,8,8,8,8,8,8,8,8
40.7304,60,60,60,60,60,60,60,60,60,60,60,60,60,60
40.7305,16,16,16,16,16,16,16,16,16,16,16,16,16,16
40.7306,70,70,70,70,70,70,70,70,70,70,70,70,70,70
40.7307,53,53,53,53,53,53,53,53,53,53,53,53,53,53
40.7308,12,12,12,12,12,12,12,12,12,12,12,12,12,12
40.7309,8,8,8,8,8,8,8,8,8,8,8,8,8,8
40.731,36,36,36,36,36,36,36,36,36,36,36,36,36,36
40.7311,23,23,23,23,23,23,23,23,23,23,23,23,23,23
40.7312,11,11,11,11,11,11,11,11,11,11,11,11,11,11
40.7313,49,49,49,49,49,49,49,49,49,49,49,49,49,49
40.7314,17,17,17,17,17,17,17,17,17,17,17,17,17,17
40.7315,35,35,35,35,35,35,35,35,35,35,35,35,35,35
40.7316,87,87,87,87,87,87,87,87,87,87,87,87,87,87
40.731700000000004,41,41,41,41,41,41,41,41,41,41,41,41,41,41
40.7318,86,86,86,86,86,86,86,86,86,86,86,86,86,86
40.7319,46,46,46,46,46,46,46,46,46,46,46,46,46,46
40.732,41,41,41,41,41,41,41,41,41,41,41,41,41,41
40.7321,84,84,84,84,84,84,84,84,84,84,84,84,84,84
40.7322,49,49,49,49,49,49,49,49,49,49,49,49,49,49
40.7323,26,26,26,26,26,26,26,26,26,26,26,26,26,26
40.7324,55,55,55,55,55,55,55,55,55,55,55,55,55,55
40.7325,22,22,22,22,22,22,22,22,22,22,22,22,22,22
40.7326,26,26,26,26,26,26,26,26,26,26,26,26,26,26
40.7327,65,65,65,65,65,65,65,65,65,65,65,65,65,65
40.7328,98,98,98,98,98,98,98,98,98,98,98,98,98,98
40.7329,41,41,41,41,41,41,41,41,41,41,41,41,41,41
40.733,53,53,53,53,53,53,53,53,53,53,53,53,53,53
40.7331,32,32,32,32,32,32,32,32,32,32,32,32,32,32
40.7332,39,39,39,39,39,39,39,39,39,39,39,39,39,39
40.7333,38,38,38,38,38,38,38,38,38,38,38,38,38,38
40.7334,153,153,153,153,153,153,153,153,153,153,153,153,153,153
40.7335,7,7,7,7,7,7,7,7,7,7,7,7,7,7
40.7336,19,19,19,19,19,19,19,19,19,19,19,19,19,19
40.7337,56,56,56,56,56,56,56,56,56,56,56,56,56,56
40.7338,45,45,45,45,45,45,45,45,45,45,45,45,45,45
40.7339,41,41,41,41,41,41,41,41,41,41,41,41,41,41
40.734,18,18,18,18,18,18,18,18,18,18,18,18,18,18
40.7341,71,71,71,71,71,71,71,71,71,71,71,71,71,71
40.7342,30,30,30,30,30,30,30,30,30,30,30,30,30,30
40.7343,51,51,51,51,51,51,51,51,51,51,51,51,51,51
40.7344,72,72,72,72,72,72,72,72,72,72,72,72,72,72
40.7345,13,13,13,13,13,13,13,13,13,13,13,13,13,13
40.7346,18,18,18,18,18,18,18,18,18,18,18,18,18,18
40.7347,59,59,59,59,59,59,59,59,59,59,59,59,59,59
40.7348,109,109,109,109,109,109,109,109,109,109,109,109,109,109
40.7349,50,50,50,50,50,50,50,50,50,50,50,50,50,50
40.735,64,64,64,64,64,64,64,64,64,64,64,64,64,64
40.7351,36,36,36,36,36,36,36,36,36,36,36,36,36,36
40.7352,36,36,36,36,36,36,36,36,36,36,36,36,36,36
40.7353,11,11,11,11,11,11,11,11,11,11,11,11,11,11
40.7354,51,51,51,51,51,51,51,51,51,51,51,51,51,51
40.7355,20,20,20,20,20,20,20,20,20,20,20,20,20,20
40.7356,48,48,48,48,48,48,48,48,48,48,48,48,48,48
40.7357,20,20,20,20,20,20,20,20,20,20,20,20,20,20
40.7358,52,52,52,52,52,52,52,52,52,52,52,52,52,52
40.7359,17,17,17,17,17,17,17,17,17,17,17,17,17,17
40.736,17,17,17,17,17,17,17,17,17,17,17,17,17,17
40.7361,10,10,10,10,10,10,10,10,10,10,10,10,10,10
40.7362,11,11,11,11,11,11,11,11,11,11,11,11,11,11
40.7363,17,17,17,17,17,17,17,17,17,17,17,17,17,17
40.7364,29,29,29,29,29,29,29,29,29,29,29,29,29,29
40.7365,37,37,37,37,37,37,37,37,37,37,37,37,37,37
40.7366,93,93,93,93,93,93,93,93,93,93,93,93,93,93
40.7367,26,26,26,26,26,26,26,26,26,26,26,26,26,26
40.7368,30,30,30,30,30,30,30,30,30,30,30,30,30,30
40.7369,69,69,69,69,69,69,69,69,69,69,69,69,69,69
40.737,44,44,44,44,44,44,44,44,44,44,44,44,44,44
40.7371,13,13,13,13,13,13,13,13,13,13,13,13,13,13
40.7372,88,88,88,88,88,88,88,88,88,88,88,88,88,88
40.7373,53,53,53,53,53,53,53,53,53,53,53,53,53,53
40.7374,11,11,11,11,11,11,11,11,11,11,11,11,11,11
40.7375,29,29,29,29,29,29,29,29,29,29,29,29,29,29
40.7376,74,74,74,74,74,74,74,74,74,74,74,74,74,74
40.7377,51,51,51,51,51,51,51,51,51,51,51,51,51,51
40.7378,48,48,48,48,48,48,48,48,48,48,48,48,48,48
40.7379,29,29,29,29,29,29,29,29,29,29,29,29,29,29
40.738,16,16,16,16,16,16,16,16,16,16,16,16,16,16
40.7381,40,40,40,40,40,40,40,40,40,40,40,40,40,40
40.7382,79,79,79,79,79,79,79,79,79,79,79,79,79,79
40.7383,54,54,54,54,54,54,54,54,54,54,54,54,54,54
40.7384,27,27,27,27,27,27,27,27,27,27,27,27,27,27
40.7385,42,42,42,42,42,42,42,42,42,42,42,42,42,42
40.7386,47,47,47,47,47,47,47,47,47,47,47,47,47,47
40.7387,63,63,63,63,63,63,63,63,63,63,63,63,63,63
40.7388,71,71,71,71,71,71,71,71,71,71,71,71,71,71
40.7389,94,94,94,94,94,94,94,94,94,94,94,94,94,94
40.739,49,49,49,49,49,49,49,49,49,49,49,49,49,49
40.7391,88,88,88,88,88,88,88,88,88,88,88,88,88,88
40.7392,21,21,21,21,21,21,21,21,21,21,21,21,21,21
40.7393,14,14,14,14,14,14,14,14,14,14,14,14,14,14
40.7394,53,53,53,53,53,53,53,53,53,53,53,53,53,53
40.7395,28,28,28,28,28,28,28,28,28,28,28,28,28,28
40.7396,88,88,88,88,88,88,88,88,88,88,88,88,88,88
40.7397,47,47,47,47,47,47,47,47,47,47,47,47,47,47
40.7398,24,24,24,24,24,24,24,24,24,24,24,24,24,24
40.7399,174,174,174,174,174,174,174,174,174,174,174,174,174,174
40.74,46,46,46,46,46,46,46,46,46,46,46,46,46,46
40.7401,77,77,77,77,77,77,77,77,77,77,77,77,77,77
40.7402,24,24,24,24,24,24,24,24,24,24,24,24,24,24
40.7403,20,20,20,20,20,20,20,20,20,20,20,20,20,20
40.7404,76,76,76,76,76,76,76,76,76,76,76,76,76,76
40.7405,25,25,25,25,25,25,25,25,25,25,25,25,25,25
40.7406,60,60,60,60,60,60,60,60,60,60,60,60,60,60
40.7407,40,40,40,40,40,40,40,40,40,40,40,40,40,40
40.7408,14,14,14,14,14,14,14,14,14,14,14,14,14,14
40.7409,7,7,7,7,7,7,7,7,7,7,7,7,7,7
40.741,11,11,11,11,11,11,11,11,11,11,11,11,11,11
40.7411,27,27,27,27,27,27,27,27,27,27,27,27,27,27
40.7412,136,136,136,136,136,136,136,136,136,136,136,136,136,136
40.7413,156,156,156,156,156,156,156,156,156,156,156,156,156,156
40.7414,9,9,9,9,9,9,9,9,9,9,9,9,9,9
40.7415,8,8,8,8,8,8,8,8,8,8,8,8,8,8
40.7416,52,52,52,52,52,52,52,52,52,52,52,52,52,52
40.7417,23,23,23,23,23,23,23,23,23,23,23,23,23,23
40.7418,50,50,50,50,50,50,50,50,50,50,50,50,50,50
40.7419,68,68,68,68,68,68,68,68,68,68,68,68,68,68
40.742,37,37,37,37,37,37,37,37,37,37,37,37,37,37
40.7421,31,31,31,31,31,31,31,31,31,31,31,31,31,31
40.7422,24,24,24,24,24,24,24,24,24,24,24,24,24,24
40.7423,40,40,40,40,40,40,40,40,40,40,40,40,40,40
40.7424,41,41,41,41,41,41,41,41,41,41,41,41,41,41
40.7425,72,72,72,72,72,72,72,72,72,72,72,72,72,72
40.7426,55,55,55,55,55,55,55,55,55,55,55,55,55,55
40.7427,48,48,48,48,48,48,48,48,48,48,48,48,48,48
40.7428,3,3,3,3,3,3,3,3,3,3,3,3,3,3
40.7429,19,19,19,19,19,19,19,19,19,19,19,19,19,19
40.743,36,36,36,36,36,36,36,36,36,36,36,36,36,36
40.7431,35,35,35,35,35,35,35,35,35,35,35,35,35,35
40.7432,24,24,24,24,24,24,24,24,24,24,24,24,24,24
40.7433,12,12,12,12,12,12,12,12,12,12,12,12,12,12
40.7434,84,84,84,84,84,84,84,84,84,84,84,84,84,84
40.7435,15,15,15,15,15,15,15,15,15,15,15,15,15,15
40.7436,233,233,233,233,233,233,233,233,233,233,233,233,233,233
40.7437,104,104,104,104,104,104,104,104,104,104,104,104,104,104
40.7438,48,48,48,48,48,48,48,48,48,48,48,48,48,48
40.7439,111,111,111,111,111,111,111,111,111,111,111,111,111,111
40.744,22,22,22,22,22,22,22,22,22,22,22,22,22,22
40.7441,70,70,70,70,70,70,70,70,70,70,70,70,70,70
40.7442,32,32,32,32,32,32,32,32,32,32,32,32,32,32
40.7443,60,60,60,60,60,60,60,60,60,60,60,60,60,60
40.7444,125,125,125,125,125,125,125,125,125,125,125,125,125,125
40.7445,64,64,64,64,64,64,64,64,64,64,64,64,64,64
40.7446,73,73,73,73,73,73,73,73,73,73,73,73,73,73
40.7447,155,155,155,155,155,155,155,155,155,155,155,155,155,155
40.7448,200,200,200,200,200,200,200,200,200,200,200,200,200,200
40.7449,106,106,106,106,106,106,106,106,106,106,106,106,106,106
40.745,82,82,82,82,82,82,82,82,82,82,82,82,82,82
40.7451,18,18,18,18,18,18,18,18,18,18,18,18,18,18
40.7452,46,46,46,46,46,46,46,46,46,46,46,46,46,46
40.7453,16,16,16,16,16,16,16,16,16,16,16,16,16,16
40.745400000000004,85,85,85,85,85,85,85,85,85,85,85,85,85,85
40.7455,20,20,20,20,20,20,20,20,20,20,20,20,20,20
40.7456,102,102,102,102,102,102,102,102,102,102,102,102,102,102
40.7457,42,42,42,42,42,42,42,42,42,42,42,42,42,42
40.7458,12,12,12,12,12,12,12,12,12,12,12,12,12,12
40.7459,83,83,83,83,83,83,83,83,83,83,83,83,83,83
40.746,34,34,34,34,34,34,34,34,34,34,34,34,34,34
40.7461,104,104,104,104,104,104,104,104,104,104,104,104,104,104
40.7462,127,127,127,127,127,127,127,127,127,127,127,127,127,127
40.7463,52,52,52,52,52,52,52,52,52,52,52,52,52,52
40.7464,21,21,21,21,21,21,21,21,21,21,21,21,21,21
40.7465,109,109,109,109,109,109,109,109,109,109,109,109,109,109
40.7466,110,110,110,110,110,110,110,110,110,110,110,110,110,110
40.7467,49,49,49,49,49,49,49,49,49,49,49,49,49,49
40.7468,74,74,74,74,74,74,74,74,74,74,74,74,74,74
40.7469,99,99,99,99,99,99,99,99,99,99,99,99,99,99
40.747,47,47,47,47,47,47,47,47,47,47,47,47,47,47
40.7471,99,99,99,99,99,99,99,99,99,99,99,99,99,99
40.7472,53,53,53,53,53,53,53,53,53,53,53,53,53,53
40.7473,71,71,71,71,71,71,71,71,71,71,71,71,71,71
40.7474,33,33,33,33,33,33,33,33,33,33,33,33,33,33
40.7475,17,17,17,17,17,17,17,17,17,17,17,17,17,17
40.7476,141,141,141,141,141,141,141,141,141,141,141,141,141,141
40.7477,67,67,67,67,67,67,67,67,67,67,67,67,67,67
40.7478,44,44,44,44,44,44,44,44,44,44,44,44,44,44
40.7479,120,120,120,120,120,120,120,120,120,120,120,120,120,120
40.748,25,25,25,25,25,25,25,25,25,25,25,25,25,25
40.7481,104,104,104,104,104,104,104,104,104,104,104,104,104,104
40.7482,78,78,78,78,78,78,78,78,78,78,78,78,78,78
40.7483,19,19,19,19,19,19,19,19,19,19,19,19,19,19
40.7484,27,27,27,27,27,27,27,27,27,27,27,27,27,27
40.7485,22,22,22,22,22,22,22,22,22,22,22,22,22,22
40.7486,89,89,89,89,89,89,89,89,89,89,89,89,89,89
40.7487,135,135,135,135,135,135,135,135,135,135,135,135,135,135
40.7488,140,140,140,140,140,140,140,140,140,140,140,140,140,140
40.7489,117,117,117,117,117,117,117,117,117,117,117,117,117,117
40.749,22,22,22,22,22,22,22,22,22,22,22,22,22,22
40.7491,69,69,69,69,69,69,69,69,69,69,69,69,69,69
40.7492,40,40,40,40,40,40,40,40,40,40,40,40,40,40
40.7493,13,13,13,13,13,13,13,13,13,13,13,13,13,13
40.7494,131,131,131,131,131,131,131,131,131,131,131,131,131,131
40.7495,8,8,8,8,8,8,8,8,8,8,8,8,8,8
40.7496,27,27,27,27,27,27,27,27,27,27,27,27,27,27
40.7497,6,6,6,6,6,6,6,6,6,6,6,6,6,6
40.7498,8,8,8,8,8,8,8,8,8,8,8,8,8,8
40.7499,6,6,6,6,6,6,6,6,6,6,6,6,6,6
40.75,8,8,8,8,8,8,8,8,8,8,8,8,8,8
40.7501,7,7,7,7,7,7,7,7,7,7,7,7,7,7
40.7502,14,14,14,14,14,14,14,14,14,14,14,14,14,14
40.7504,6,6,6,6,6,6,6,6,6,6,6,6,6,6
40.7505,23,23,23,23,23,23,23,23,23,23,23,23,23,23
40.7506,36,36,36,36,36,36,36,36,36,36,36,36,36,36
40.7507,6,6,6,6,6,6,6,6,6,6,6,6,6,6
40.7508,5,5,5,5,5,5,5,5,5,5,5,5,5,5
40.7509,11,11,11,11,11,11,11,11,11,11,11,11,11,11
40.751,24,24,24,24,24,24,24,24,24,24,24,24,24,24
40.7511,1,1,1,1,1,1,1,1,1,1,1,1,1,1
40.7512,44,44,44,44,44,44,44,44,44,44,44,44,44,44
40.7513,73,73,73,73,73,73,73,73,73,73,73,73,73,73
40.7514,109,109,109,109,109,109,109,109,109,109,109,109,109,109
40.7515,45,45,45,45,45,45,45,45,45,45,45,45,45,45
40.7516,104,104,104,104,104,104,104,104,104,104,104,104,104,104
40.7517,33,33,33,33,33,33,33,33,33,33,33,33,33,33
40.7518,126,126,126,126,126,126,126,126,126,126,126,126,126,126
40.7519,9,9,9,9,9,9,9,9,9,9,9,9,9,9
40.752,45,45,45,45,45,45,45,45,45,45,45,45,45,45
40.7521,84,84,84,84,84,84,84,84,84,84,84,84,84,84
40.7522,33,33,33,33,33,33,33,33,33,33,33,33,33,33
40.7523,6,6,6,6,6,6,6,6,6,6,6,6,6,6
40.7524,3,3,3,3,3,3,3,3,3,3,3,3,3,3
40.7525,2,2,2,2,2,2,2,2,2,2,2,2,2,2
40.7526,8,8,8,8,8,8,8,8,8,8,8,8,8,8
40.7527,6,6,6,6,6,6,6,6,6,6,6,6,6,6
40.7528,78,78,78,78,78,78,78,78,78,78,78,78,78,78
40.7529,8,8,8,8,8,8,8,8,8,8,8,8,8,8
40.753,300,300,300,300,300,300,300,300,300,300,300,300,300,300
40.7531,4,4,4,4,4,4,4,4,4,4,4,4,4,4
40.7532,6,6,6,6,6,6,6,6,6,6,6,6,6,6
40.7533,15,15,15,15,15,15,15,15,15,15,15,15,15,15
40.7534,9,9,9,9,9,9,9,9,9,9,9,9,9,9
40.7535,57,57,57,57,57,57,57,57,57,57,57,57,57,57
40.7536,67,67,67,67,67,67,67,67,67,67,67,67,67,67
40.7537,16,16,16,16,16,16,16,16,16,16,16,16,16,16
40.7538,103,103,103,103,103,103,103,103,103,103,103,103,103,103
40.7539,119,119,119,119,119,119,119,119,119,119,119,119,119,119
40.754,23,23,23,23,23,23,23,23,23,23,23,23,23,23
40.7541,15,15,15,15,15,15,15,15,15,15,15,15,15,15
40.7542,28,28,28,28,28,28,28,28,28,28,28,28,28,28
40.7543,14,14,14,14,14,14,14,14,14,14,14,14,14,14
40.7544,29,29,29,29,29,29,29,29,29,29,29,29,29,29
40.7545,53,53,53,53,53,53,53,53,53,53,53,53,53,53
40.7546,37,37,37,37,37,37,37,37,37,37,37,37,37,37
40.7547,25,25,25,25,25,25,25,25,25,25,25,25,25,25
40.7548,101,101,101,101,101,101,101,101,101,101,101,101,101,101
40.7549,43,43,43,43,43,43,43,43,43,43,43,43,43,43
40.755,49,49,49,49,49,49,49,49,49,49,49,49,49,49
40.7551,52,52,52,52,52,52,52,52,52,52,52,52,52,52
40.7552,8,8,8,8,8,8,8,8,8,8,8,8,8,8
40.7553,58,58,58,58,58,58,58,58,58,58,58,58,58,58
40.7554,27,27,27,27,27,27,27,27,27,27,27,27,27,27
40.7555,56,56,56,56,56,56,56,56,56,56,56,56,56,56
40.7556,89,89,89,89,89,89,89,89,89,89,89,89,89,89
40.7557,8,8,8,8,8,8,8,8,8,8,8,8,8,8
40.7558,6,6,6,6,6,6,6,6,6,6,6,6,6,6
40.7559,38,38,38,38,38,38,38,38,38,38,38,38,38,38
40.756,38,38,38,38,38,38,38,38,38,38,38,38,38,38
40.7561,31,31,31,31,31,31,31,31,31,31,31,31,31,31
40.7562,73,73,73,73,73,73,73,73,73,73,73,73,73,73
40.7563,26,26,26,26,26,26,26,26,26,26,26,26,26,26
40.7564,37,37,37,37,37,37,37,37,37,37,37,37,37,37
40.7565,72,72,72,72,72,72,72,72,72,72,72,72,72,72
40.7566,5,5,5,5,5,5,5,5,5,5,5,5,5,5
40.7567,21,21,21,21,21,21,21,21,21,21,21,21,21,21
40.7568,298,298,298,298,298,298,298,298,298,298,298,298,298,298
40.7569,13,13,13,13,13,13,13,13,13,13,13,13,13,13
40.757,10,10,10,10,10,10,10,10,10,10,10,10,10,10
40.7571,52,52,52,52,52,52,52,52,52,52,52,52,52,52
40.7572,78,78,78,78,78,78,78,78,78,78,78,78,78,78
40.7573,29,29,29,29,29,29,29,29,29,29,29,29,29,29
40.7574,25,25,25,25,25,25,25,25,25,25,25,25,25,25
40.7575,113,113,113,113,113,113,113,113,113,113,113,113,113,113
40.7576,5,5,5,5,5,5,5,5,5,5,5,5,5,5
40.7578,11,11,11,11,11,11,11,11,11,11,11,11,11,11
40.7579,25,25,25,25,25,25,25,25,25,25,25,25,25,25
40.758,17,17,17,17,17,17,17,17,17,17,17,17,17,17
40.7581,19,19,19,19,19,19,19,19,19,19,19,19,19,19
40.7582,26,26,26,26,26,26,26,26,26,26,26,26,26,26
40.7583,35,35,35,35,35,35,35,35,35,35,35,35,35,35
40.7584,23,23,23,23,23,23,23,23,23,23,23,23,23,23
40.7585,63,63,63,63,63,63,63,63,63,63,63,63,63,63
40.7586,118,118,118,118,118,118,118,118,118,118,118,118,118,118
40.7587,84,84,84,84,84,84,84,84,84,84,84,84,84,84
40.7588,38,38,38,38,38,38,38,38,38,38,38,38,38,38
40.7589,10,10,10,10,10,10,10,10,10,10,10,10,10,10
40.759,39,39,39,39,39,39,39,39,39,39,39,39,39,39
40.7591,20,20,20,20,20,20,20,20,20,20,20,20,20,20
40.7592,38,38,38,38,38,38,38,38,38,38,38,38,38,38
40.7593,185,185,185,185,185,185,185,185,185,185,185,185,185,185
40.7594,94,94,94,94,94,94,94,94,94,94,94,94,94,94
40.7595,68,68,68,68,68,68,68,68,68,68,68,68,68,68
40.7596,36,36,36,36,36,36,36,36,36,36,36,36,36,36
40.7597,19,19,19,19,19,19,19,19,19,19,19,19,19,19
40.7598,29,29,29,29,29,29,29,29,29,29,29,29,29,29
40.7599,33,33,33,33,33,33,33,33,33,33,33,33,33,33
40.76,6,6,6,6,6,6,6,6,6,6,6,6,6,6
40.7601,156,156,156,156,156,156,156,156,156,156,156,156,156,156
40.7602,92,92,92,92,92,92,92,92,92,92,92,92,92,92
40.7603,35,35,35,35,35,35,35,35,35,35,35,35,35,35
40.7604,110,110,110,110,110,110,110,110,110,110,110,110,110,110
40.7605,45,45,45,45,45,45,45,45,45,45,45,45,45,45
40.7606,216,216,216,216,216,216,216,216,216,216,216,216,216,216
40.7607,19,19,19,19,19,19,19,19,19,19,19,19,19,19
40.7608,54,54,54,54,54,54,54,54,54,54,54,54,54,54
40.7609,103,103,103,103,103,103,103,103,103,103,103,103,103,103
40.761,211,211,211,211,211,211,211,211,211,211,211,211,211,211
40.7611,126,126,126,126,126,126,126,126,126,126,126,126,126,126
40.7612,209,209,209,209,209,209,209,209,209,209,209,209,209,209
40.7613,89,89,89,89,89,89,89,89,89,89,89,89,89,89
40.7614,16,16,16,16,16,16,16,16,16,16,16,16,16,16
40.7615,33,33,33,33,33,33,33,33,33,33,33,33,33,33
40.7616,19,19,19,19,19,19,19,19,19,19,19,19,19,19
40.7617,105,105,105,105,105,105,105,105,105,105,105,105,105,105
40.7618,73,73,73,73,73,73,73,73,73,73,73,73,73,73
40.7619,63,63,63,63,63,63,63,63,63,63,63,63,63,63
40.762,31,31,31,31,31,31,31,31,31,31,31,31,31,31
40.7621,115,115,115,115,115,115,115,115,115,115,115,115,115,115
40.7622,21,21,21,21,21,21,21,21,21,21,21,21,21,21
40.7623,18,18,18,18,18,18,18,18,18,18,18,18,18,18
40.7624,29,29,29,29,29,29,29,29,29,29,29,29,29,29
40.7625,35,35,35,35,35,35,35,35,35,35,35,35,35,35
40.7626,23,23,23,23,23,23,23,23,23,23,23,23,23,23
40.7627,31,31,31,31,31,31,31,31,31,31,31,31,31,31
40.7628,47,47,47,47,47,47,47,47,47,47,47,47,47,47
40.7629,12,12,12,12,12,12,12,12,12,12,12,12,12,12
40.763,47,47,47,47,47,47,47,47,47,47,47,47,47,47
40.7631,80,80,80,80,80,80,80,80,80,80,80,80,80,80
40.7632,45,45,45,45,45,45,45,45,45,45,45,45,45,45
40.7633,159,159,159,159,159,159,159,159,159,159,159,159,159,159
40.7634,126,126,126,126,126,126,126,126,126,126,126,126,126,126
40.7635,112,112,112,112,112,112,112,112,112,112,112,112,112,112
40.7636,23,23,23,23,23,23,23,23,23,23,23,23,23,23
40.7637,150,150,150,150,150,150,150,150,150,150,150,150,150,150
40.7638,50,50,50,50,50,50,50,50,50,50,50,50,50,50
40.7639,62,62,62,62,62,62,62,62,62,62,62,62,62,62
40.764,60,60,60,60,60,60,60,60,60,60,60,60,60,60
40.7641,20,20,20,20,20,20,20,20,20,20,20,20,20,20
40.7642,31,31,31,31,31,31,31,31,31,31,31,31,31,31
40.7643,57,57,57,57,57,57,57,57,57,57,57,57,57,57
40.7644,32,32,32,32,32,32,32,32,32,32,32,32,32,32
40.7645,183,183,183,183,183,183,183,183,183,183,183,183,183,183
40.7646,16,16,16,16,16,16,16,16,16,16,16,16,16,16
40.7647,36,36,36,36,36,36,36,36,36,36,36,36,36,36
40.7648,22,22,22,22,22,22,22,22,22,22,22,22,22,22
40.7649,26,26,26,26,26,26,26,26,26,26,26,26,26,26
40.765,18,18,18,18,18,18,18,18,18,18,18,18,18,18
40.7651,49,49,49,49,49,49,49,49,49,49,49,49,49,49
40.7652,66,66,66,66,66,66,66,66,66,66,66,66,66,66
40.7653,62,62,62,62,62,62,62,62,62,62,62,62,62,62
40.7654,49,49,49,49,49,49,49,49,49,49,49,49,49,49
40.7655,66,66,66,66,66,66,66,66,66,66,66,66,66,66
40.7656,179,179,179,179,179,179,179,179,179,179,179,179,179,179
40.7657,37,37,37,37,37,37,37,37,37,37,37,37,37,37
40.7658,66,66,66,66,66,66,66,66,66,66,66,66,66,66
40.7659,30,30,30,30,30,30,30,30,30,30,30,30,30,30
40.766,10,10,10,10,10,10,10,10,10,10,10,10,10,10
40.7661,82,82,82,82,82,82,82,82,82,82,82,82,82,82
40.7662,38,38,38,38,38,38,38,38,38,38,38,38,38,38
40.7663,53,53,53,53,53,53,53,53,53,53,53,53,53,53
40.7664,92,92,92,92,92,92,92,92,92,92,92,92,92,92
40.7665,20,20,20,20,20,20,20,20,20,20,20,20,20,20
40.7666,17,17,17,17,17,17,17,17,17,17,17,17,17,17
40.7667,31,31,31,31,31,31,31,31,31,31,31,31,31,31
40.7668,36,36,36,36,36,36,36,36,36,36,36,36,36,36
40.7669,59,59,59,59,59,59,59,59,59,59,59,59,59,59
40.767,7,7,7,7,7,7,7,7,7,7,7,7,7,7
40.7671,56,56,56,56,56,56,56,56,56,56,56,56,56,56
40.7672,30,30,30,30,30,30,30,30,30,30,30,30,30,30
40.7673,59,59,59,59,59,59,59,59,59,59,59,59,59,59
40.7674,92,92,92,92,92,92,92,92,92,92,92,92,92,92
40.7675,88,88,88,88,88,88,88,88,88,88,88,88,88,88
40.7676,67,67,67,67,67,67,67,67,67,67,67,67,67,67
40.7677,130,130,130,130,130,130,130,130,130,130,130,130,130,130
40.7678,140,140,140,140,140,140,140,140,140,140,140,140,140,140
40.7679,59,59,59,59,59,59,59,59,59,59,59,59,59,59
40.768,37,37,37,37,37,37,37,37,37,37,37,37,37,37
40.7681,146,146,146,146,146,146,146,146,146,146,146,146,146,146
40.7682,52,52,52,52,52,52,52,52,52,52,52,52,52,52
40.768299999999996,12,12,12,12,12,12,12,12,12,12,12,12,12,12
40.7684,8,8,8,8,8,8,8,8,8,8,8,8,8,8
40.7685,26,26,26,26,26,26,26,26,26,26,26,26,26,26
40.7686,18,18,18,18,18,18,18,18,18,18,18,18,18,18
40.7687,34,34,34,34,34,34,34,34,34,34,34,34,34,34
40.7688,87,87,87,87,87,87,87,87,87,87,87,87,87,87
40.7689,52,52,52,52,52,52,52,52,52,52,52,52,52,52
40.769,54,54,54,54,54,54,54,54,54,54,54,54,54,54
40.7691,22,22,22,22,22,22,22,22,22,22,22,22,22,22
40.7692,60,60,60,60,60,60,60,60,60,60,60,60,60,60
40.7693,53,53,53,53,53,53,53,53,53,53,53,53,53,53
40.7694,80,80,80,80,80,80,80,80,80,80,80,80,80,80
40.7695,136,136,136,136,136,136,136,136,136,136,136,136,136,136
40.7696,24,24,24,24,24,24,24,24,24,24,24,24,24,24
40.7697,27,27,27,27,27,27,27,27,27,27,27,27,27,27
40.769800000000004,48,48,48,48,48,48,48,48,48,48,48,48,48,48
40.7699,65,65,65,65,65,65,65,65,65,65,65,65,65,65
40.77,81,81,81,81,81,81,81,81,81,81,81,81,81,81
40.7701,109,109,109,109,109,109,109,109,109,109,109,109,109,109
40.7702,16,16,16,16,16,16,16,16,16,16,16,16,16,16
40.7703,37,37,37,37,37,37,37,37,37,37,37,37,37,37
40.7704,121,121,121,121,121,121,121,121,121,121,121,121,121,121
40.7705,50,50,50,50,50,50,50,50,50,50,50,50,50,50
40.7706,38,38,38,38,38,38,38,38,38,38,38,38,38,38
40.7707,45,45,45,45,45,45,45,45,45,45,45,45,45,45
40.7708,101,101,101,101,101,101,101,101,101,101,101,101,101,101
40.7709,118,118,118,118,118,118,118,118,118,118,118,118,118,118
40.771,69,69,69,69,69,69,69,69,69,69,69,69,69,69
40.7711,42,42,42,42,42,42,42,42,42,42,42,42,42,42
40.7712,31,31,31,31,31,31,31,31,31,31,31,31,31,31
40.7713,28,28,28,28,28,28,28,28,28,28,28,28,28,28
40.7714,45,45,45,45,45,45,45,45,45,45,45,45,45,45
40.7715,50,50,50,50,50,50,50,50,50,50,50,50,50,50
40.7716,124,124,124,124,124,124,124,124,124,124,124,124,124,124
40.7717,41,41,41,41,41,41,41,41,41,41,41,41,41,41
40.7718,35,35,35,35,35,35,35,35,35,35,35,35,35,35
40.7719,37,37,37,37,37,37,37,37,37,37,37,37,37,37
40.772,31,31,31,31,31,31,31,31,31,31,31,31,31,31
40.7721,76,76,76,76,76,76,76,76,76,76,76,76,76,76
40.7722,29,29,29,29,29,29,29,29,29,29,29,29,29,29
40.7723,105,105,105,105,105,105,105,105,105,105,105,105,105,105
40.7724,51,51,51,51,51,51,51,51,51,51,51,51,51,51
40.7725,30,30,30,30,30,30,30,30,30,30,30,30,30,30
40.7726,45,45,45,45,45,45,45,45,45,45,45,45,45,45
40.7727,43,43,43,43,43,43,43,43,43,43,43,43,43,43
40.7728,53,53,53,53,53,53,53,53,53,53,53,53,53,53
40.7729,43,43,43,43,43,43,43,43,43,43,43,43,43,43
40.773,90,90,90,90,90,90,90,90,90,90,90,90,90,90
40.7731,35,35,35,35,35,35,35,35,35,35,35,35,35,35
40.7732,12,12,12,12,12,12,12,12,12,12,12,12,12,12
40.7733,58,58,58,58,58,58,58,58,58,58,58,58,58,58
40.7734,14,14,14,14,14,14,14,14,14,14,14,14,14,14
40.7735,56,56,56,56,56,56,56,56,56,56,56,56,56,56
40.7736,21,21,21,21,21,21,21,21,21,21,21,21,21,21
40.7737,5,5,5,5,5,5,5,5,5,5,5,5,5,5
40.7738,7,7,7,7,7,7,7,7,7,7,7,7,7,7
40.7739,93,93,93,93,93,93,93,93,93,93,93,93,93,93
40.774,61,61,61,61,61,61,61,61,61,61,61,61,61,61
40.7741,22,22,22,22,22,22,22,22,22,22,22,22,22,22
40.7742,45,45,45,45,45,45,45,45,45,45,45,45,45,45
40.7743,97,97,97,97,97,97,97,97,97,97,97,97,97,97
40.7744,25,25,25,25,25,25,25,25,25,25,25,25,25,25
40.7745,46,46,46,46,46,46,46,46,46,46,46,46,46,46
40.7746,53,53,53,53,53,53,53,53,53,53,53,53,53,53
40.7747,42,42,42,42,42,42,42,42,42,42,42,42,42,42
40.7748,37,37,37,37,37,37,37,37,37,37,37,37,37,37
40.7749,79,79,79,79,79,79,79,79,79,79,79,79,79,79
40.775,20,20,20,20,20,20,20,20,20,20,20,20,20,20
40.7751,83,83,83,83,83,83,83,83,83,83,83,83,83,83
40.7752,95,95,95,95,95,95,95,95,95,95,95,95,95,95
40.7753,62,62,62,62,62,62,62,62,62,62,62,62,62,62
40.7754,63,63,63,63,63,63,63,63,63,63,63,63,63,63
40.7755,26,26,26,26,26,26,26,26,26,26,26,26,26,26
40.7756,134,134,134,134,134,134,134,134,134,134,134,134,134,134
40.7757,20,20,20,20,20,20,20,20,20,20,20,20,20,20
40.7758,43,43,43,43,43,43,43,43,43,43,43,43,43,43
40.7759,53,53,53,53,53,53,53,53,53,53,53,53,53,53
40.776,129,129,129,129,129,129,129,129,129,129,129,129,129,129
40.7761,53,53,53,53,53,53,53,53,53,53,53,53,53,53
40.7762,52,52,52,52,52,52,52,52,52,52,52,52,52,52
40.7763,35,35,35,35,35,35,35,35,35,35,35,35,35,35
40.7764,25,25,25,25,25,25,25,25,25,25,25,25,25,25
40.7765,46,46,46,46,46,46,46,46,46,46,46,46,46,46
40.7766,50,50,50,50,50,50,50,50,50,50,50,50,50,50
40.7767,37,37,37,37,37,37,37,37,37,37,37,37,37,37
40.7768,47,47,47,47,47,47,47,47,47,47,47,47,47,47
40.7769,81,81,81,81,81,81,81,81,81,81,81,81,81,81
40.777,46,46,46,46,46,46,46,46,46,46,46,46,46,46
40.7771,101,101,101,101,101,101,101,101,101,101,101,101,101,101
40.7772,32,32,32,32,32,32,32,32,32,32,32,32,32,32
40.7773,66,66,66,66,66,66,66,66,66,66,66,66,66,66
40.7774,14,14,14,14,14,14,14,14,14,14,14,14,14,14
40.7775,134,134,134,134,134,134,134,134,134,134,134,134,134,134
40.7776,41,41,41,41,41,41,41,41,41,41,41,41,41,41
40.7777,142,142,142,142,142,142,142,142,142,142,142,142,142,142
40.7778,35,35,35,35,35,35,35,35,35,35,35,35,35,35
40.7779,98,98,98,98,98,98,98,98,98,98,98,98,98,98
40.778,52,52,52,52,52,52,52,52,52,52,52,52,52,52
40.7781,33,33,33,33,33,33,33,33,33,33,33,33,33,33
40.7782,37,37,37,37,37,37,37,37,37,37,37,37,37,37
40.7783,93,93,93,93,93,93,93,93,93,93,93,93,93,93
40.7784,74,74,74,74,74,74,74,74,74,74,74,74,74,74
40.7785,24,24,24,24,24,24,24,24,24,24,24,24,24,24
40.7786,60,60,60,60,60,60,60,60,60,60,60,60,60,60
40.7787,48,48,48,48,48,48,48,48,48,48,48,48,48,48
40.7788,77,77,77,77,77,77,77,77,77,77,77,77,77,77
40.7789,10,10,10,10,10,10,10,10,10,10,10,10,10,10
40.779,31,31,31,31,31,31,31,31,31,31,31,31,31,31
40.7791,14,14,14,14,14,14,14,14,14,14,14,14,14,14
40.7792,89,89,89,89,89,89,89,89,89,89,89,89,89,89
40.7793,68,68,68,68,68,68,68,68,68,68,68,68,68,68
40.7794,23,23,23,23,23,23,23,23,23,23,23,23,23,23
40.7795,37,37,37,37,37,37,37,37,37,37,37,37,37,37
40.7796,77,77,77,77,77,77,77,77,77,77,77,77,77,77
40.7797,61,61,61,61,61,61,61,61,61,61,61,61,61,61
40.7798,50,50,50,50,50,50,50,50,50,50,50,50,50,50
40.7799,33,33,33,33,33,33,33,33,33,33,33,33,33,33
40.78,67,67,67,67,67,67,67,67,67,67,67,67,67,67
40.7801,95,95,95,95,95,95,95,95,95,95,95,95,95,95
40.7802,152,152,152,152,152,152,152,152,152,152,152,152,152,152
40.7803,103,103,103,103,103,103,103,103,103,103,103,103,103,103
40.7804,104,104,104,104,104,104,104,104,104,104,104,104,104,104
40.7805,102,102,102,102,102,102,102,102,102,102,102,102,102,102
40.7806,51,51,51,51,51,51,51,51,51,51,51,51,51,51
40.7807,33,33,33,33,33,33,33,33,33,33,33,33,33,33
40.7808,35,35,35,35,35,35,35,35,35,35,35,35,35,35
40.7809,15,15,15,15,15,15,15,15,15,15,15,15,15,15
40.781,50,50,50,50,50,50,50,50,50,50,50,50,50,50
40.7811,15,15,15,15,15,15,15,15,15,15,15,15,15,15
40.7812,44,44,44,44,44,44,44,44,44,44,44,44,44,44
40.7813,41,41,41,41,41,41,41,41,41,41,41,41,41,41
40.7814,47,47,47,47,47,47,47,47,47,47,47,47,47,47
40.7815,55,55,55,55,55,55,55,55,55,55,55,55,55,55
40.7816,32,32,32,32,32,32,32,32,32,32,32,32,32,32
40.7817,96,96,96,96,96,96,96,96,96,96,96,96,96,96
40.7818,31,31,31,31,31,31,31,31,31,31,31,31,31,31
40.7819,16,16,16,16,16,16,16,16,16,16,16,16,16,16
40.782,5,5,5,5,5,5,5,5,5,5,5,5,5,5
40.7821,7,7,7,7,7,7,7,7,7,7,7,7,7,7
40.7822,13,13,13,13,13,13,13,13,13,13,13,13,13,13
40.7823,39,39,39,39,39,39,39,39,39,39,39,39,39,39
40.7824,45,45,45,45,45,45,45,45,45,45,45,45,45,45
40.7825,18,18,18,18,18,18,18,18,18,18,18,18,18,18
40.7826,93,93,93,93,93,93,93,93,93,93,93,93,93,93
40.7827,31,31,31,31,31,31,31,31,31,31,31,31,31,31
40.7828,2,2,2,2,2,2,2,2,2,2,2,2,2,2
40.7829,53,53,53,53,53,53,53,53,53,53,53,53,53,53
40.783,10,10,10,10,10,10,10,10,10,10,10,10,10,10
40.7831,33,33,33,33,33,33,33,33,33,33,33,33,33,33
40.7832,55,55,55,55,55,55,55,55,55,55,55,55,55,55
40.7833,28,28,28,28,28,28,28,28,28,28,28,28,28,28
40.7834,25,25,25,25,25,25,25,25,25,25,25,25,25,25
40.783500000000004,46,46,46,46,46,46,46,46,46,46,46,46,46,46
40.7836,12,12,12,12,12,12,12,12,12,12,12,12,12,12
40.7837,8,8,8,8,8,8,8,8,8,8,8,8,8,8
40.7838,88,88,88,88,88,88,88,88,88,88,88,88,88,88
40.7839,15,15,15,15,15,15,15,15,15,15,15,15,15,15
40.784,6,6,6,6,6,6,6,6,6,6,6,6,6,6
40.7841,18,18,18,18,18,18,18,18,18,18,18,18,18,18
40.7842,39,39,39,39,39,39,39,39,39,39,39,39,39,39
40.7843,45,45,45,45,45,45,45,45,45,45,45,45,45,45
40.7844,57,57,57,57,57,57,57,57,57,57,57,57,57,57
40.7845,111,111,111,111,111,111,111,111,111,111,111,111,111,111
40.7846,17,17,17,17,17,17,17,17,17,17,17,17,17,17
40.7847,8,8,8,8,8,8,8,8,8,8,8,8,8,8
40.7848,18,18,18,18,18,18,18,18,18,18,18,18,18,18
40.7849,6,6,6,6,6,6,6,6,6,6,6,6,6,6
40.785,5,5,5,5,5,5,5,5,5,5,5,5,5,5
40.7852,26,26,26,26,26,26,26,26,26,26,26,26,26,26
40.7853,31,31,31,31,31,31,31,31,31,31,31,31,31,31
40.7854,14,14,14,14,14,14,14,14,14,14,14,14,14,14
40.7855,25,25,25,25,25,25,25,25,25,25,25,25,25,25
40.7856,47,47,47,47,47,47,47,47,47,47,47,47,47,47
40.7857,10,10,10,10,10,10,10,10,10,10,10,10,10,10
40.7858,14,14,14,14,14,14,14,14,14,14,14,14,14,14
40.7859,21,21,21,21,21,21,21,21,21,21,21,21,21,21
40.786,64,64,64,64,64,64,64,64,64,64,64,64,64,64
40.7861,23,23,23,23,23,23,23,23,23,23,23,23,23,23
40.7862,80,80,80,80,80,80,80,80,80,80,80,80,80,80
40.7863,37,37,37,37,37,37,37,37,37,37,37,37,37,37
40.7864,31,31,31,31,31,31,31,31,31,31,31,31,31,31
40.7865,35,35,35,35,35,35,35,35,35,35,35,35,35,35
40.7866,30,30,30,30,30,30,30,30,30,30,30,30,30,30
40.7867,17,17,17,17,17,17,17,17,17,17,17,17,17,17
40.7868,46,46,46,46,46,46,46,46,46,46,46,46,46,46
40.7869,8,8,8,8,8,8,8,8,8,8,8,8,8,8
40.787,16,16,16,16,16,16,16,16,16,16,16,16,16,16
40.7871,13,13,13,13,13,13,13,13,13,13,13,13,13,13
40.7872,4,4,4,4,4,4,4,4,4,4,4,4,4,4
40.7873,17,17,17,17,17,17,17,17,17,17,17,17,17,17
40.7874,33,33,33,33,33,33,33,33,33,33,33,33,33,33
40.7875,6,6,6,6,6,6,6,6,6,6,6,6,6,6
40.7876,7,7,7,7,7,7,7,7,7,7,7,7,7,7
40.7877,3,3,3,3,3,3,3,3,3,3,3,3,3,3
40.7878,55,55,55,55,55,55,55,55,55,55,55,55,55,55
40.7879,4,4,4,4,4,4,4,4,4,4,4,4,4,4
40.788,1,1,1,1,1,1,1,1,1,1,1,1,1,1
40.7881,6,6,6,6,6,6,6,6,6,6,6,6,6,6
40.7882,1,1,1,1,1,1,1,1,1,1,1,1,1,1
40.7883,2,2,2,2,2,2,2,2,2,2,2,2,2,2
40.7884,7,7,7,7,7,7,7,7,7,7,7,7,7,7
40.7885,14,14,14,14,14,14,14,14,14,14,14,14,14,14
40.7886,15,15,15,15,15,15,15,15,15,15,15,15,15,15
40.7887,16,16,16,16,16,16,16,16,16,16,16,16,16,16
40.7888,18,18,18,18,18,18,18,18,18,18,18,18,18,18
40.7889,23,23,23,23,23,23,23,23,23,23,23,23,23,23
40.789,58,58,58,58,58,58,58,58,58,58,58,58,58,58
40.7891,12,12,12,12,12,12,12,12,12,12,12,12,12,12
40.7892,38,38,38,38,38,38,38,38,38,38,38,38,38,38
40.7893,30,30,30,30,30,30,30,30,30,30,30,30,30,30
40.7894,28,28,28,28,28,28,28,28,28,28,28,28,28,28
40.7895,11,11,11,11,11,11,11,11,11,11,11,11,11,11
40.7896,4,4,4,4,4,4,4,4,4,4,4,4,4,4
40.7897,72,72,72,72,72,72,72,72,72,72,72,72,72,72
40.7898,22,22,22,22,22,22,22,22,22,22,22,22,22,22
40.7899,8,8,8,8,8,8,8,8,8,8,8,8,8,8
40.79,42,42,42,42,42,42,42,42,42,42,42,42,42,42
40.7901,37,37,37,37,37,37,37,37,37,37,37,37,37,37
40.7902,74,74,74,74,74,74,74,74,74,74,74,74,74,74
40.7903,2,2,2,2,2,2,2,2,2,2,2,2,2,2
40.7904,13,13,13,13,13,13,13,13,13,13,13,13,13,13
40.7905,19,19,19,19,19,19,19,19,19,19,19,19,19,19
40.7906,34,34,34,34,34,34,34,34,34,34,34,34,34,34
40.7907,1,1,1,1,1,1,1,1,1,1,1,1,1,1
40.7908,5,5,5,5,5,5,5,5,5,5,5,5,5,5
40.7909,19,19,19,19,19,19,19,19,19,19,19,19,19,19
40.791,10,10,10,10,10,10,10,10,10,10,10,10,10,10
40.7911,26,26,26,26,26,26,26,26,26,26,26,26,26,26
40.7912,24,24,24,24,24,24,24,24,24,24,24,24,24,24
40.7913,7,7,7,7,7,7,7,7,7,7,7,7,7,7
40.7915,3,3,3,3,3,3,3,3,3,3,3,3,3,3
40.7916,10,10,10,10,10,10,10,10,10,10,10,10,10,10
40.7917,11,11,11,11,11,11,11,11,11,11,11,11,11,11
40.7918,17,17,17,17,17,17,17,17,17,17,17,17,17,17
40.7919,9,9,9,9,9,9,9,9,9,9,9,9,9,9
40.792,3,3,3,3,3,3,3,3,3,3,3,3,3,3
40.7921,4,4,4,4,4,4,4,4,4,4,4,4,4,4
40.7922,9,9,9,9,9,9,9,9,9,9,9,9,9,9
40.7923,18,18,18,18,18,18,18,18,18,18,18,18,18,18
40.7924,17,17,17,17,17,17,17,17,17,17,17,17,17,17
40.7925,6,6,6,6,6,6,6,6,6,6,6,6,6,6
40.7926,10,10,10,10,10,10,10,10,10,10,10,10,10,10
40.7927,4,4,4,4,4,4,4,4,4,4,4,4,4,4
40.7928,78,78,78,78,78,78,78,78,78,78,78,78,78,78
40.7929,53,53,53,53,53,53,53,53,53,53,53,53,53,53
40.793,6,6,6,6,6,6,6,6,6,6,6,6,6,6
40.7931,9,9,9,9,9,9,9,9,9,9,9,9,9,9
40.7932,4,4,4,4,4,4,4,4,4,4,4,4,4,4
40.7933,31,31,31,31,31,31,31,31,31,31,31,31,31,31
40.7934,2,2,2,2,2,2,2,2,2,2,2,2,2,2
40.7935,6,6,6,6,6,6,6,6,6,6,6,6,6,6
40.7936,25,25,25,25,25,25,25,25,25,25,25,25,25,25
40.7937,61,61,61,61,61,61,61,61,61,61,61,61,61,61
40.7938,3,3,3,3,3,3,3,3,3,3,3,3,3,3
40.7939,23,23,23,23,23,23,23,23,23,23,23,23,23,23
40.794,9,9,9,9,9,9,9,9,9,9,9,9,9,9
40.7941,4,4,4,4,4,4,4,4,4,4,4,4,4,4
40.794200000000004,24,24,24,24,24,24,24,24,24,24,24,24,24,24
40.7943,66,66,66,66,66,66,66,66,66,66,66,66,66,66
40.7944,21,21,21,21,21,21,21,21,21,21,21,21,21,21
40.7945,1,1,1,1,1,1,1,1,1,1,1,1,1,1
40.7946,8,8,8,8,8,8,8,8,8,8,8,8,8,8
40.7947,30,30,30,30,30,30,30,30,30,30,30,30,30,30
40.7948,1,1,1,1,1,1,1,1,1,1,1,1,1,1
40.795,21,21,21,21,21,21,21,21,21,21,21,21,21,21
40.7951,46,46,46,46,46,46,46,46,46,46,46,46,46,46
40.7952,14,14,14,14,14,14,14,14,14,14,14,14,14,14
40.7953,54,54,54,54,54,54,54,54,54,54,54,54,54,54
40.7954,6,6,6,6,6,6,6,6,6,6,6,6,6,6
40.7955,2,2,2,2,2,2,2,2,2,2,2,2,2,2
40.7956,12,12,12,12,12,12,12,12,12,12,12,12,12,12
40.7957,127,127,127,127,127,127,127,127,127,127,127,127,127,127
40.7958,7,7,7,7,7,7,7,7,7,7,7,7,7,7
40.7959,64,64,64,64,64,64,64,64,64,64,64,64,64,64
40.796,73,73,73,73,73,73,73,73,73,73,73,73,73,73
40.7961,13,13,13,13,13,13,13,13,13,13,13,13,13,13
40.7962,6,6,6,6,6,6,6,6,6,6,6,6,6,6
40.7963,18,18,18,18,18,18,18,18,18,18,18,18,18,18
40.7964,6,6,6,6,6,6,6,6,6,6,6,6,6,6
40.7965,19,19,19,19,19,19,19,19,19,19,19,19,19,19
40.7966,5,5,5,5,5,5,5,5,5,5,5,5,5,5
40.7967,49,49,49,49,49,49,49,49,49,49,49,49,49,49
40.7968,22,22,22,22,22,22,22,22,22,22,22,22,22,22
40.7969,1,1,1,1,1,1,1,1,1,1,1,1,1,1
40.797,16,16,16,16,16,16,16,16,16,16,16,16,16,16
40.7971,3,3,3,3,3,3,3,3,3,3,3,3,3,3
40.7972,28,28,28,28,28,28,28,28,28,28,28,28,28,28
40.7973,2,2,2,2,2,2,2,2,2,2,2,2,2,2
40.7974,24,24,24,24,24,24,24,24,24,24,24,24,24,24
40.7975,8,8,8,8,8,8,8,8,8,8,8,8,8,8
40.7976,57,57,57,57,57,57,57,57,57,57,57,57,57,57
40.7977,6,6,6,6,6,6,6,6,6,6,6,6,6,6
40.7978,26,26,26,26,26,26,26,26,26,26,26,26,26,26
40.7979,4,4,4,4,4,4,4,4,4,4,4,4,4,4
40.798,4,4,4,4,4,4,4,4,4,4,4,4,4,4
40.7981,21,21,21,21,21,21,21,21,21,21,21,21,21,21
40.7982,12,12,12,12,12,12,12,12,12,12,12,12,12,12
40.7983,19,19,19,19,19,19,19,19,19,19,19,19,19,19
40.7984,49,49,49,49,49,49,49,49,49,49,49,49,49,49
40.7985,11,11,11,11,11,11,11,11,11,11,11,11,11,11
40.7986,22,22,22,22,22,22,22,22,22,22,22,22,22,22
40.7987,8,8,8,8,8,8,8,8,8,8,8,8,8,8
40.7988,24,24,24,24,24,24,24,24,24,24,24,24,24,24
40.7989,13,13,13,13,13,13,13,13,13,13,13,13,13,13
40.799,29,29,29,29,29,29,29,29,29,29,29,29,29,29
40.7991,19,19,19,19,19,19,19,19,19,19,19,19,19,19
40.7992,6,6,6,6,6,6,6,6,6,6,6,6,6,6
40.7993,55,55,55,55,55,55,55,55,55,55,55,55,55,55
40.7994,12,12,12,12,12,12,12,12,12,12,12,12,12,12
40.7995,9,9,9,9,9,9,9,9,9,9,9,9,9,9
40.7996,8,8,8,8,8,8,8,8,8,8,8,8,8,8
40.7997,2,2,2,2,2,2,2,2,2,2,2,2,2,2
40.7998,30,30,30,30,30,30,30,30,30,30,30,30,30,30
40.7999,32,32,32,32,32,32,32,32,32,32,32,32,32,32
40.8,13,13,13,13,13,13,13,13,13,13,13,13,13,13
40.8001,12,12,12,12,12,12,12,12,12,12,12,12,12,12
40.8002,24,24,24,24,24,24,24,24,24,24,24,24,24,24
40.8003,19,19,19,19,19,19,19,19,19,19,19,19,19,19
40.8004,13,13,13,13,13,13,13,13,13,13,13,13,13,13
40.8005,28,28,28,28,28,28,28,28,28,28,28,28,28,28
40.8006,27,27,27,27,27,27,27,27,27,27,27,27,27,27
40.8007,46,46,46,46,46,46,46,46,46,46,46,46,46,46
40.8008,28,28,28,28,28,28,28,28,28,28,28,28,28,28
40.8009,2,2,2,2,2,2,2,2,2,2,2,2,2,2
40.801,2,2,2,2,2,2,2,2,2,2,2,2,2,2
40.8011,8,8,8,8,8,8,8,8,8,8,8,8,8,8
40.8012,44,44,44,44,44,44,44,44,44,44,44,44,44,44
40.8013,22,22,22,22,22,22,22,22,22,22,22,22,22,22
40.8014,41,41,41,41,41,41,41,41,41,41,41,41,41,41
40.8015,78,78,78,78,78,78,78,78,78,78,78,78,78,78
40.8017,1,1,1,1,1,1,1,1,1,1,1,1,1,1
40.8018,11,11,11,11,11,11,11,11,11,11,11,11,11,11
40.8019,7,7,7,7,7,7,7,7,7,7,7,7,7,7
40.802,6,6,6,6,6,6,6,6,6,6,6,6,6,6
40.8021,53,53,53,53,53,53,53,53,53,53,53,53,53,53
40.8022,20,20,20,20,20,20,20,20,20,20,20,20,20,20
40.8023,7,7,7,7,7,7,7,7,7,7,7,7,7,7
40.8024,24,24,24,24,24,24,24,24,24,24,24,24,24,24
40.8025,8,8,8,8,8,8,8,8,8,8,8,8,8,8
40.8026,32,32,32,32,32,32,32,32,32,32,32,32,32,32
40.8027,3,3,3,3,3,3,3,3,3,3,3,3,3,3
40.8028,35,35,35,35,35,35,35,35,35,35,35,35,35,35
40.8029,19,19,19,19,19,19,19,19,19,19,19,19,19,19
40.803,27,27,27,27,27,27,27,27,27,27,27,27,27,27
40.8031,47,47,47,47,47,47,47,47,47,47,47,47,47,47
40.8032,29,29,29,29,29,29,29,29,29,29,29,29,29,29
40.8033,14,14,14,14,14,14,14,14,14,14,14,14,14,14
40.8034,55,55,55,55,55,55,55,55,55,55,55,55,55,55
40.8035,14,14,14,14,14,14,14,14,14,14,14,14,14,14
40.8036,22,22,22,22,22,22,22,22,22,22,22,22,22,22
40.8037,4,4,4,4,4,4,4,4,4,4,4,4,4,4
40.8039,11,11,11,11,11,11,11,11,11,11,11,11,11,11
40.804,13,13,13,13,13,13,13,13,13,13,13,13,13,13
40.8041,5,5,5,5,5,5,5,5,5,5,5,5,5,5
40.8042,2,2,2,2,2,2,2,2,2,2,2,2,2,2
40.8043,5,5,5,5,5,5,5,5,5,5,5,5,5,5
40.8044,4,4,4,4,4,4,4,4,4,4,4,4,4,4
40.8047,10,10,10,10,10,10,10,10,10,10,10,10,10,10
40.8048,2,2,2,2,2,2,2,2,2,2,2,2,2,2
40.805,1,1,1,1,1,1,1,1,1,1,1,1,1,1
40.8051,17,17,17,17,17,17,17,17,17,17,17,17,17,17
40.8052,3,3,3,3,3,3,3,3,3,3,3,3,3,3
40.8053,1,1,1,1,1,1,1,1,1,1,1,1,1,1
40.8054,1,1,1,1,1,1,1,1,1,1,1,1,1,1
40.8055,6,6,6,6,6,6,6,6,6,6,6,6,6,6
40.8056,1,1,1,1,1,1,1,1,1,1,1,1,1,1
40.8057,1,1,1,1,1,1,1,1,1,1,1,1,1,1
40.8058,6,6,6,6,6,6,6,6,6,6,6,6,6,6
40.8059,5,5,5,5,5,5,5,5,5,5,5,5,5,5
40.806,2,2,2,2,2,2,2,2,2,2,2,2,2,2
40.8061,1,1,1,1,1,1,1,1,1,1,1,1,1,1
40.8062,3,3,3,3,3,3,3,3,3,3,3,3,3,3
40.8063,9,9,9,9,9,9,9,9,9,9,9,9,9,9
40.8064,3,3,3,3,3,3,3,3,3,3,3,3,3,3
40.8065,6,6,6,6,6,6,6,6,6,6,6,6,6,6
40.8066,7,7,7,7,7,7,7,7,7,7,7,7,7,7
40.8067,6,6,6,6,6,6,6,6,6,6,6,6,6,6
40.8068,3,3,3,3,3,3,3,3,3,3,3,3,3,3
40.8069,1,1,1,1,1,1,1,1,1,1,1,1,1,1
40.807,1,1,1,1,1,1,1,1,1,1,1,1,1,1
40.8071,2,2,2,2,2,2,2,2,2,2,2,2,2,2
40.8072,1,1,1,1,1,1,1,1,1,1,1,1,1,1
40.8076,1,1,1,1,1,1,1,1,1,1,1,1,1,1
40.8077,2,2,2,2,2,2,2,2,2,2,2,2,2,2
40.8078,3,3,3,3,3,3,3,3,3,3,3,3,3,3
40.807900000000004,3,3,3,3,3,3,3,3,3,3,3,3,3,3
40.808,1,1,1,1,1,1,1,1,1,1,1,1,1,1
40.8081,21,21,21,21,21,21,21,21,21,21,21,21,21,21
40.8082,1,1,1,1,1,1,1,1,1,1,1,1,1,1
40.8084,3,3,3,3,3,3,3,3,3,3,3,3,3,3
40.8087,1,1,1,1,1,1,1,1,1,1,1,1,1,1
40.8088,8,8,8,8,8,8,8,8,8,8,8,8,8,8
40.8095,1,1,1,1,1,1,1,1,1,1,1,1,1,1
40.8099,1,1,1,1,1,1,1,1,1,1,1,1,1,1
40.8101,2,2,2,2,2,2,2,2,2,2,2,2,2,2
40.8103,2,2,2,2,2,2,2,2,2,2,2,2,2,2
40.8104,7,7,7,7,7,7,7,7,7,7,7,7,7,7
40.8105,3,3,3,3,3,3,3,3,3,3,3,3,3,3
40.8107,1,1,1,1,1,1,1,1,1,1,1,1,1,1
40.8108,1,1,1,1,1,1,1,1,1,1,1,1,1,1
40.811,1,1,1,1,1,1,1,1,1,1,1,1,1,1
40.8111,1,1,1,1,1,1,1,1,1,1,1,1,1,1
40.8112,3,3,3,3,3,3,3,3,3,3,3,3,3,3
40.8113,6,6,6,6,6,6,6,6,6,6,6,6,6,6
40.8115,3,3,3,3,3,3,3,3,3,3,3,3,3,3
40.8116,1,1,1,1,1,1,1,1,1,1,1,1,1,1
40.8117,1,1,1,1,1,1,1,1,1,1,1,1,1,1
40.8118,4,4,4,4,4,4,4,4,4,4,4,4,4,4
40.8119,5,5,5,5,5,5,5,5,5,5,5,5,5,5
40.8121,3,3,3,3,3,3,3,3,3,3,3,3,3,3
40.8122,1,1,1,1,1,1,1,1,1,1,1,1,1,1
40.8126,3,3,3,3,3,3,3,3,3,3,3,3,3,3
40.8127,6,6,6,6,6,6,6,6,6,6,6,6,6,6
40.813,9,9,9,9,9,9,9,9,9,9,9,9,9,9
40.8132,11,11,11,11,11,11,11,11,11,11,11,11,11,11
40.8134,2,2,2,2,2,2,2,2,2,2,2,2,2,2
40.8135,7,7,7,7,7,7,7,7,7,7,7,7,7,7
40.8136,19,19,19,19,19,19,19,19,19,19,19,19,19,19
40.8137,7,7,7,7,7,7,7,7,7,7,7,7,7,7
40.8138,1,1,1,1,1,1,1,1,1,1,1,1,1,1
40.8139,5,5,5,5,5,5,5,5,5,5,5,5,5,5
40.814,2,2,2,2,2,2,2,2,2,2,2,2,2,2
40.8141,2,2,2,2,2,2,2,2,2,2,2,2,2,2
40.8142,11,11,11,11,11,11,11,11,11,11,11,11,11,11
40.8143,8,8,8,8,8,8,8,8,8,8,8,8,8,8
40.8144,6,6,6,6,6,6,6,6,6,6,6,6,6,6
40.8147,4,4,4,4,4,4,4,4,4,4,4,4,4,4
40.8148,5,5,5,5,5,5,5,5,5,5,5,5,5,5
40.815,1,1,1,1,1,1,1,1,1,1,1,1,1,1
40.8152,8,8,8,8,8,8,8,8,8,8,8,8,8,8
40.8153,1,1,1,1,1,1,1,1,1,1,1,1,1,1
40.8154,3,3,3,3,3,3,3,3,3,3,3,3,3,3
40.8155,5,5,5,5,5,5,5,5,5,5,5,5,5,5
40.8156,9,9,9,9,9,9,9,9,9,9,9,9,9,9
40.8157,14,14,14,14,14,14,14,14,14,14,14,14,14,14
40.8158,1,1,1,1,1,1,1,1,1,1,1,1,1,1
40.8159,8,8,8,8,8,8,8,8,8,8,8,8,8,8
40.816,1,1,1,1,1,1,1,1,1,1,1,1,1,1
40.8161,6,6,6,6,6,6,6,6,6,6,6,6,6,6
40.8162,3,3,3,3,3,3,3,3,3,3,3,3,3,3
40.8163,37,37,37,37,37,37,37,37,37,37,37,37,37,37
40.8165,5,5,5,5,5,5,5,5,5,5,5,5,5,5
40.8168,4,4,4,4,4,4,4,4,4,4,4,4,4,4
40.8169,6,6,6,6,6,6,6,6,6,6,6,6,6,6
40.8171,4,4,4,4,4,4,4,4,4,4,4,4,4,4
40.8175,25,25,25,25,25,25,25,25,25,25,25,25,25,25
40.8176,1,1,1,1,1,1,1,1,1,1,1,1,1,1
40.8177,3,3,3,3,3,3,3,3,3,3,3,3,3,3
40.8178,1,1,1,1,1,1,1,1,1,1,1,1,1,1
40.8179,5,5,5,5,5,5,5,5,5,5,5,5,5,5
40.818,9,9,9,9,9,9,9,9,9,9,9,9,9,9
40.8181,1,1,1,1,1,1,1,1,1,1,1,1,1,1
40.8182,3,3,3,3,3,3,3,3,3,3,3,3,3,3
40.8183,1,1,1,1,1,1,1,1,1,1,1,1,1,1
40.8184,6,6,6,6,6,6,6,6,6,6,6,6,6,6
40.8186,6,6,6,6,6,6,6,6,6,6,6,6,6,6
40.8188,5,5,5,5,5,5,5,5,5,5,5,5,5,5
40.8189,2,2,2,2,2,2,2,2,2,2,2,2,2,2
40.819,1,1,1,1,1,1,1,1,1,1,1,1,1,1
40.8192,10,10,10,10,10,10,10,10,10,10,10,10,10,10
40.8193,7,7,7,7,7,7,7,7,7,7,7,7,7,7
40.8194,4,4,4,4,4,4,4,4,4,4,4,4,4,4
40.8195,3,3,3,3,3,3,3,3,3,3,3,3,3,3
40.8196,7,7,7,7,7,7,7,7,7,7,7,7,7,7
40.8198,166,166,166,166,166,166,166,166,166,166,166,166,166,166
40.8199,20,20,20,20,20,20,20,20,20,20,20,20,20,20
40.82,5,5,5,5,5,5,5,5,5,5,5,5,5,5
40.8205,1,1,1,1,1,1,1,1,1,1,1,1,1,1
40.8206,2,2,2,2,2,2,2,2,2,2,2,2,2,2
40.8207,3,3,3,3,3,3,3,3,3,3,3,3,3,3
40.8208,3,3,3,3,3,3,3,3,3,3,3,3,3,3
40.8209,10,10,10,10,10,10,10,10,10,10,10,10,10,10
40.821,2,2,2,2,2,2,2,2,2,2,2,2,2,2
40.8211,4,4,4,4,4,4,4,4,4,4,4,4,4,4
40.8212,8,8,8,8,8,8,8,8,8,8,8,8,8,8
40.8213,1,1,1,1,1,1,1,1,1,1,1,1,1,1
40.8214,11,11,11,11,11,11,11,11,11,11,11,11,11,11
40.8215,5,5,5,5,5,5,5,5,5,5,5,5,5,5
40.8216,3,3,3,3,3,3,3,3,3,3,3,3,3,3
40.8217,37,37,37,37,37,37,37,37,37,37,37,37,37,37
40.8218,5,5,5,5,5,5,5,5,5,5,5,5,5,5
40.8219,6,6,6,6,6,6,6,6,6,6,6,6,6,6
40.822,7,7,7,7,7,7,7,7,7,7,7,7,7,7
40.8221,13,13,13,13,13,13,13,13,13,13,13,13,13,13
40.8222,9,9,9,9,9,9,9,9,9,9,9,9,9,9
40.8223,16,16,16,16,16,16,16,16,16,16,16,16,16,16
40.8224,1,1,1,1,1,1,1,1,1,1,1,1,1,1
40.8225,3,3,3,3,3,3,3,3,3,3,3,3,3,3
40.8226,10,10,10,10,10,10,10,10,10,10,10,10,10,10
40.8227,2,2,2,2,2,2,2,2,2,2,2,2,2,2
40.8228,2,2,2,2,2,2,2,2,2,2,2,2,2,2
40.8229,5,5,5,5,5,5,5,5,5,5,5,5,5,5
40.823,3,3,3,3,3,3,3,3,3,3,3,3,3,3
40.8231,13,13,13,13,13,13,13,13,13,13,13,13,13,13
40.8232,12,12,12,12,12,12,12,12,12,12,12,12,12,12
40.8233,22,22,22,22,22,22,22,22,22,22,22,22,22,22
40.8234,35,35,35,35,35,35,35,35,35,35,35,35,35,35
40.8235,2,2,2,2,2,2,2,2,2,2,2,2,2,2
40.8236,3,3,3,3,3,3,3,3,3,3,3,3,3,3
40.8237,1,1,1,1,1,1,1,1,1,1,1,1,1,1
40.8238,12,12,12,12,12,12,12,12,12,12,12,12,12,12
40.8239,1,1,1,1,1,1,1,1,1,1,1,1,1,1
40.824,2,2,2,2,2,2,2,2,2,2,2,2,2,2
40.8241,14,14,14,14,14,14,14,14,14,14,14,14,14,14
40.8242,22,22,22,22,22,22,22,22,22,22,22,22,22,22
40.8243,14,14,14,14,14,14,14,14,14,14,14,14,14,14
40.8244,9,9,9,9,9,9,9,9,9,9,9,9,9,9
40.8245,1,1,1,1,1,1,1,1,1,1,1,1,1,1
40.8246,39,39,39,39,39,39,39,39,39,39,39,39,39,39
40.8247,18,18,18,18,18,18,18,18,18,18,18,18,18,18
40.8248,1,1,1,1,1,1,1,1,1,1,1,1,1,1
40.8249,2,2,2,2,2,2,2,2,2,2,2,2,2,2
40.825,11,11,11,11,11,11,11,11,11,11,11,11,11,11
40.8251,9,9,9,9,9,9,9,9,9,9,9,9,9,9
40.8252,7,7,7,7,7,7,7,7,7,7,7,7,7,7
40.8253,6,6,6,6,6,6,6,6,6,6,6,6,6,6
40.8254,11,11,11,11,11,11,11,11,11,11,11,11,11,11
40.8255,4,4,4,4,4,4,4,4,4,4,4,4,4,4
40.8256,4,4,4,4,4,4,4,4,4,4,4,4,4,4
40.8257,14,14,14,14,14,14,14,14,14,14,14,14,14,14
40.8259,3,3,3,3,3,3,3,3,3,3,3,3,3,3
40.826,24,24,24,24,24,24,24,24,24,24,24,24,24,24
40.8261,16,16,16,16,16,16,16,16,16,16,16,16,16,16
40.8262,5,5,5,5,5,5,5,5,5,5,5,5,5,5
40.8265,11,11,11,11,11,11,11,11,11,11,11,11,11,11
40.8266,10,10,10,10,10,10,10,10,10,10,10,10,10,10
40.8267,2,2,2,2,2,2,2,2,2,2,2,2,2,2
40.8268,7,7,7,7,7,7,7,7,7,7,7,7,7,7
40.8269,2,2,2,2,2,2,2,2,2,2,2,2,2,2
40.8271,6,6,6,6,6,6,6,6,6,6,6,6,6,6
40.8272,15,15,15,15,15,15,15,15,15,15,15,15,15,15
40.8273,13,13,13,13,13,13,13,13,13,13,13,13,13,13
40.8274,24,24,24,24,24,24,24,24,24,24,24,24,24,24
40.8275,3,3,3,3,3,3,3,3,3,3,3,3,3,3
40.8276,5,5,5,5,5,5,5,5,5,5,5,5,5,5
40.8277,1,1,1,1,1,1,1,1,1,1,1,1,1,1
40.8278,3,3,3,3,3,3,3,3,3,3,3,3,3,3
40.8279,4,4,4,4,4,4,4,4,4,4,4,4,4,4
40.828,1,1,1,1,1,1,1,1,1,1,1,1,1,1
40.8281,3,3,3,3,3,3,3,3,3,3,3,3,3,3
40.8282,8,8,8,8,8,8,8,8,8,8,8,8,8,8
40.8283,2,2,2,2,2,2,2,2,2,2,2,2,2,2
40.8284,2,2,2,2,2,2,2,2,2,2,2,2,2,2
40.8287,3,3,3,3,3,3,3,3,3,3,3,3,3,3
40.8289,17,17,17,17,17,17,17,17,17,17,17,17,17,17
40.829,1,1,1,1,1,1,1,1,1,1,1,1,1,1
40.8291,9,9,9,9,9,9,9,9,9,9,9,9,9,9
40.8292,22,22,22,22,22,22,22,22,22,22,22,22,22,22
40.8293,3,3,3,3,3,3,3,3,3,3,3,3,3,3
40.8294,9,9,9,9,9,9,9,9,9,9,9,9,9,9
40.8295,2,2,2,2,2,2,2,2,2,2,2,2,2,2
40.8298,2,2,2,2,2,2,2,2,2,2,2,2,2,2
40.8299,7,7,7,7,7,7,7,7,7,7,7,7,7,7
40.83,2,2,2,2,2,2,2,2,2,2,2,2,2,2
40.8301,1,1,1,1,1,1,1,1,1,1,1,1,1,1
40.8302,1,1,1,1,1,1,1,1,1,1,1,1,1,1
40.8303,7,7,7,7,7,7,7,7,7,7,7,7,7,7
40.8304,7,7,7,7,7,7,7,7,7,7,7,7,7,7
40.8305,3,3,3,3,3,3,3,3,3,3,3,3,3,3
40.8306,3,3,3,3,3,3,3,3,3,3,3,3,3,3
40.8307,4,4,4,4,4,4,4,4,4,4,4,4,4,4
40.8308,5,5,5,5,5,5,5,5,5,5,5,5,5,5
40.8309,10,10,10,10,10,10,10,10,10,10,10,10,10,10
40.8311,7,7,7,7,7,7,7,7,7,7,7,7,7,7
40.8314,6,6,6,6,6,6,6,6,6,6,6,6,6,6
40.8315,2,2,2,2,2,2,2,2,2,2,2,2,2,2
40.8317,2,2,2,2,2,2,2,2,2,2,2,2,2,2
40.8318,1,1,1,1,1,1,1,1,1,1,1,1,1,1
40.8321,1,1,1,1,1,1,1,1,1,1,1,1,1,1
40.8322,2,2,2,2,2,2,2,2,2,2,2,2,2,2
40.8325,6,6,6,6,6,6,6,6,6,6,6,6,6,6
40.8326,1,1,1,1,1,1,1,1,1,1,1,1,1,1
40.8327,7,7,7,7,7,7,7,7,7,7,7,7,7,7
40.8328,8,8,8,8,8,8,8,8,8,8,8,8,8,8
40.833,2,2,2,2,2,2,2,2,2,2,2,2,2,2
40.8331,5,5,5,5,5,5,5,5,5,5,5,5,5,5
40.8332,2,2,2,2,2,2,2,2,2,2,2,2,2,2
40.8333,17,17,17,17,17,17,17,17,17,17,17,17,17,17
40.8335,6,6,6,6,6,6,6,6,6,6,6,6,6,6
40.8336,4,4,4,4,4,4,4,4,4,4,4,4,4,4
40.8337,1,1,1,1,1,1,1,1,1,1,1,1,1,1
40.834,10,10,10,10,10,10,10,10,10,10,10,10,10,10
40.8341,4,4,4,4,4,4,4,4,4,4,4,4,4,4
40.8342,13,13,13,13,13,13,13,13,13,13,13,13,13,13
40.8343,3,3,3,3,3,3,3,3,3,3,3,3,3,3
40.8344,13,13,13,13,13,13,13,13,13,13,13,13,13,13
40.8345,3,3,3,3,3,3,3,3,3,3,3,3,3,3
40.8346,1,1,1,1,1,1,1,1,1,1,1,1,1,1
40.8348,1,1,1,1,1,1,1,1,1,1,1,1,1,1
40.8353,1,1,1,1,1,1,1,1,1,1,1,1,1,1
40.8354,3,3,3,3,3,3,3,3,3,3,3,3,3,3
40.8356,1,1,1,1,1,1,1,1,1,1,1,1,1,1
40.8357,5,5,5,5,5,5,5,5,5,5,5,5,5,5
40.8358,9,9,9,9,9,9,9,9,9,9,9,9,9,9
40.8359,2,2,2,2,2,2,2,2,2,2,2,2,2,2
40.836,2,2,2,2,2,2,2,2,2,2,2,2,2,2
40.8362,7,7,7,7,7,7,7,7,7,7,7,7,7,7
40.8363,1,1,1,1,1,1,1,1,1,1,1,1,1,1
40.8364,3,3,3,3,3,3,3,3,3,3,3,3,3,3
40.8365,8,8,8,8,8,8,8,8,8,8,8,8,8,8
40.8366,13,13,13,13,13,13,13,13,13,13,13,13,13,13
40.8367,10,10,10,10,10,10,10,10,10,10,10,10,10,10
40.8368,7,7,7,7,7,7,7,7,7,7,7,7,7,7
40.8369,13,13,13,13,13,13,13,13,13,13,13,13,13,13
40.837,4,4,4,4,4,4,4,4,4,4,4,4,4,4
40.8371,2,2,2,2,2,2,2,2,2,2,2,2,2,2
40.8372,1,1,1,1,1,1,1,1,1,1,1,1,1,1
40.8373,19,19,19,19,19,19,19,19,19,19,19,19,19,19
40.8374,11,11,11,11,11,11,11,11,11,11,11,11,11,11
40.8375,1,1,1,1,1,1,1,1,1,1,1,1,1,1
40.8376,23,23,23,23,23,23,23,23,23,23,23,23,23,23
40.8377,4,4,4,4,4,4,4,4,4,4,4,4,4,4
40.8379,10,10,10,10,10,10,10,10,10,10,10,10,10,10
40.838,17,17,17,17,17,17,17,17,17,17,17,17,17,17
40.8381,15,15,15,15,15,15,15,15,15,15,15,15,15,15
40.8383,4,4,4,4,4,4,4,4,4,4,4,4,4,4
40.8386,3,3,3,3,3,3,3,3,3,3,3,3,3,3
40.8387,8,8,8,8,8,8,8,8,8,8,8,8,8,8
40.8388,18,18,18,18,18,18,18,18,18,18,18,18,18,18
40.839,1,1,1,1,1,1,1,1,1,1,1,1,1,1
40.8393,1,1,1,1,1,1,1,1,1,1,1,1,1,1
40.8394,1,1,1,1,1,1,1,1,1,1,1,1,1,1
40.8395,1,1,1,1,1,1,1,1,1,1,1,1,1,1
40.8397,5,5,5,5,5,5,5,5,5,5,5,5,5,5
40.8398,1,1,1,1,1,1,1,1,1,1,1,1,1,1
40.8399,2,2,2,2,2,2,2,2,2,2,2,2,2,2
40.84,1,1,1,1,1,1,1,1,1,1,1,1,1,1
40.8404,27,27,27,27,27,27,27,27,27,27,27,27,27,27
40.841,3,3,3,3,3,3,3,3,3,3,3,3,3,3
40.8412,2,2,2,2,2,2,2,2,2,2,2,2,2,2
40.8413,3,3,3,3,3,3,3,3,3,3,3,3,3,3
40.8416,1,1,1,1,1,1,1,1,1,1,1,1,1,1
40.8417,7,7,7,7,7,7,7,7,7,7,7,7,7,7
40.8419,2,2,2,2,2,2,2,2,2,2,2,2,2,2
40.8421,8,8,8,8,8,8,8,8,8,8,8,8,8,8
40.8423,5,5,5,5,5,5,5,5,5,5,5,5,5,5
40.8424,2,2,2,2,2,2,2,2,2,2,2,2,2,2
40.8427,5,5,5,5,5,5,5,5,5,5,5,5,5,5
40.8428,1,1,1,1,1,1,1,1,1,1,1,1,1,1
40.8429,1,1,1,1,1,1,1,1,1,1,1,1,1,1
40.843,2,2,2,2,2,2,2,2,2,2,2,2,2,2
40.8431,2,2,2,2,2,2,2,2,2,2,2,2,2,2
40.8432,2,2,2,2,2,2,2,2,2,2,2,2,2,2
40.8433,16,16,16,16,16,16,16,16,16,16,16,16,16,16
40.8434,3,3,3,3,3,3,3,3,3,3,3,3,3,3
40.8435,2,2,2,2,2,2,2,2,2,2,2,2,2,2
40.8436,7,7,7,7,7,7,7,7,7,7,7,7,7,7
40.8437,2,2,2,2,2,2,2,2,2,2,2,2,2,2
40.8438,13,13,13,13,13,13,13,13,13,13,13,13,13,13
40.8439,10,10,10,10,10,10,10,10,10,10,10,10,10,10
40.844,24,24,24,24,24,24,24,24,24,24,24,24,24,24
40.8441,10,10,10,10,10,10,10,10,10,10,10,10,10,10
40.8442,10,10,10,10,10,10,10,10,10,10,10,10,10,10
40.8443,2,2,2,2,2,2,2,2,2,2,2,2,2,2
40.8444,5,5,5,5,5,5,5,5,5,5,5,5,5,5
40.8445,2,2,2,2,2,2,2,2,2,2,2,2,2,2
40.8446,3,3,3,3,3,3,3,3,3,3,3,3,3,3
40.8447,2,2,2,2,2,2,2,2,2,2,2,2,2,2
40.8448,19,19,19,19,19,19,19,19,19,19,19,19,19,19
40.8449,10,10,10,10,10,10,10,10,10,10,10,10,10,10
40.845,14,14,14,14,14,14,14,14,14,14,14,14,14,14
40.8451,2,2,2,2,2,2,2,2,2,2,2,2,2,2
40.8452,10,10,10,10,10,10,10,10,10,10,10,10,10,10
40.8453,5,5,5,5,5,5,5,5,5,5,5,5,5,5
40.8454,17,17,17,17,17,17,17,17,17,17,17,17,17,17
40.8455,7,7,7,7,7,7,7,7,7,7,7,7,7,7
40.8456,7,7,7,7,7,7,7,7,7,7,7,7,7,7
40.8457,5,5,5,5,5,5,5,5,5,5,5,5,5,5
40.8458,6,6,6,6,6,6,6,6,6,6,6,6,6,6
40.846,3,3,3,3,3,3,3,3,3,3,3,3,3,3
40.8461,1,1,1,1,1,1,1,1,1,1,1,1,1,1
40.8462,15,15,15,15,15,15,15,15,15,15,15,15,15,15
40.8463,2,2,2,2,2,2,2,2,2,2,2,2,2,2
40.8464,7,7,7,7,7,7,7,7,7,7,7,7,7,7
40.8465,10,10,10,10,10,10,10,10,10,10,10,10,10,10
40.8466,3,3,3,3,3,3,3,3,3,3,3,3,3,3
40.8467,10,10,10,10,10,10,10,10,10,10,10,10,10,10
40.8468,6,6,6,6,6,6,6,6,6,6,6,6,6,6
40.8469,5,5,5,5,5,5,5,5,5,5,5,5,5,5
40.847,2,2,2,2,2,2,2,2,2,2,2,2,2,2
40.8472,5,5,5,5,5,5,5,5,5,5,5,5,5,5
40.8476,5,5,5,5,5,5,5,5,5,5,5,5,5,5
40.8478,1,1,1,1,1,1,1,1,1,1,1,1,1,1
40.8479,3,3,3,3,3,3,3,3,3,3,3,3,3,3
40.8481,4,4,4,4,4,4,4,4,4,4,4,4,4,4
40.8484,2,2,2,2,2,2,2,2,2,2,2,2,2,2
40.8485,2,2,2,2,2,2,2,2,2,2,2,2,2,2
40.8486,3,3,3,3,3,3,3,3,3,3,3,3,3,3
40.8487,1,1,1,1,1,1,1,1,1,1,1,1,1,1
40.8489,1,1,1,1,1,1,1,1,1,1,1,1,1,1
40.849,2,2,2,2,2,2,2,2,2,2,2,2,2,2
40.8491,5,5,5,5,5,5,5,5,5,5,5,5,5,5
40.8493,3,3,3,3,3,3,3,3,3,3,3,3,3,3
40.8494,2,2,2,2,2,2,2,2,2,2,2,2,2,2
40.8495,10,10,10,10,10,10,10,10,10,10,10,10,10,10
40.8497,6,6,6,6,6,6,6,6,6,6,6,6,6,6
40.8498,3,3,3,3,3,3,3,3,3,3,3,3,3,3
40.85,2,2,2,2,2,2,2,2,2,2,2,2,2,2
40.8501,3,3,3,3,3,3,3,3,3,3,3,3,3,3
40.8502,4,4,4,4,4,4,4,4,4,4,4,4,4,4
40.8503,14,14,14,14,14,14,14,14,14,14,14,14,14,14
40.8504,1,1,1,1,1,1,1,1,1,1,1,1,1,1
40.8509,2,2,2,2,2,2,2,2,2,2,2,2,2,2
40.8513,7,7,7,7,7,7,7,7,7,7,7,7,7,7
40.8514,14,14,14,14,14,14,14,14,14,14,14,14,14,14
40.8515,1,1,1,1,1,1,1,1,1,1,1,1,1,1
40.8516,8,8,8,8,8,8,8,8,8,8,8,8,8,8
40.852,5,5,5,5,5,5,5,5,5,5,5,5,5,5
40.8521,3,3,3,3,3,3,3,3,3,3,3,3,3,3
40.8522,5,5,5,5,5,5,5,5,5,5,5,5,5,5
40.8524,7,7,7,7,7,7,7,7,7,7,7,7,7,7
40.8525,1,1,1,1,1,1,1,1,1,1,1,1,1,1
40.8526,2,2,2,2,2,2,2,2,2,2,2,2,2,2
40.8529,1,1,1,1,1,1,1,1,1,1,1,1,1,1
40.8532,11,11,11,11,11,11,11,11,11,11,11,11,11,11
40.8533,1,1,1,1,1,1,1,1,1,1,1,1,1,1
40.8535,2,2,2,2,2,2,2,2,2,2,2,2,2,2
40.8537,2,2,2,2,2,2,2,2,2,2,2,2,2,2
40.8539,6,6,6,6,6,6,6,6,6,6,6,6,6,6
40.854,2,2,2,2,2,2,2,2,2,2,2,2,2,2
40.8542,2,2,2,2,2,2,2,2,2,2,2,2,2,2
40.8544,4,4,4,4,4,4,4,4,4,4,4,4,4,4
40.8545,1,1,1,1,1,1,1,1,1,1,1,1,1,1
40.8548,3,3,3,3,3,3,3,3,3,3,3,3,3,3
40.8549,3,3,3,3,3,3,3,3,3,3,3,3,3,3
40.855,2,2,2,2,2,2,2,2,2,2,2,2,2,2
40.8551,1,1,1,1,1,1,1,1,1,1,1,1,1,1
40.8552,4,4,4,4,4,4,4,4,4,4,4,4,4,4
40.8553,4,4,4,4,4,4,4,4,4,4,4,4,4,4
40.8554,4,4,4,4,4,4,4,4,4,4,4,4,4,4
40.8555,3,3,3,3,3,3,3,3,3,3,3,3,3,3
40.8556,1,1,1,1,1,1,1,1,1,1,1,1,1,1
40.8557,3,3,3,3,3,3,3,3,3,3,3,3,3,3
40.8558,1,1,1,1,1,1,1,1,1,1,1,1,1,1
40.8559,1,1,1,1,1,1,1,1,1,1,1,1,1,1
40.856,1,1,1,1,1,1,1,1,1,1,1,1,1,1
40.8561,8,8,8,8,8,8,8,8,8,8,8,8,8,8
40.8564,2,2,2,2,2,2,2,2,2,2,2,2,2,2
40.8565,1,1,1,1,1,1,1,1,1,1,1,1,1,1
40.8568,1,1,1,1,1,1,1,1,1,1,1,1,1,1
40.8569,3,3,3,3,3,3,3,3,3,3,3,3,3,3
40.8572,11,11,11,11,11,11,11,11,11,11,11,11,11,11
40.8573,6,6,6,6,6,6,6,6,6,6,6,6,6,6
40.8574,3,3,3,3,3,3,3,3,3,3,3,3,3,3
40.8575,4,4,4,4,4,4,4,4,4,4,4,4,4,4
40.8576,1,1,1,1,1,1,1,1,1,1,1,1,1,1
40.8577,5,5,5,5,5,5,5,5,5,5,5,5,5,5
40.8578,4,4,4,4,4,4,4,4,4,4,4,4,4,4
40.8579,10,10,10,10,10,10,10,10,10,10,10,10,10,10
40.858,1,1,1,1,1,1,1,1,1,1,1,1,1,1
40.8583,2,2,2,2,2,2,2,2,2,2,2,2,2,2
40.8585,2,2,2,2,2,2,2,2,2,2,2,2,2,2
40.8586,3,3,3,3,3,3,3,3,3,3,3,3,3,3
40.8587,5,5,5,5,5,5,5,5,5,5,5,5,5,5
40.8589,1,1,1,1,1,1,1,1,1,1,1,1,1,1
40.8591,2,2,2,2,2,2,2,2,2,2,2,2,2,2
40.8597,1,1,1,1,1,1,1,1,1,1,1,1,1,1
40.86,1,1,1,1,1,1,1,1,1,1,1,1,1,1
40.8601,3,3,3,3,3,3,3,3,3,3,3,3,3,3
40.8604,1,1,1,1,1,1,1,1,1,1,1,1,1,1
40.8605,1,1,1,1,1,1,1,1,1,1,1,1,1,1
40.8608,2,2,2,2,2,2,2,2,2,2,2,2,2,2
40.8609,1,1,1,1,1,1,1,1,1,1,1,1,1,1
40.861,3,3,3,3,3,3,3,3,3,3,3,3,3,3
40.8611,2,2,2,2,2,2,2,2,2,2,2,2,2,2
40.8612,5,5,5,5,5,5,5,5,5,5,5,5,5,5
40.8614,8,8,8,8,8,8,8,8,8,8,8,8,8,8
40.8615,1,1,1,1,1,1,1,1,1,1,1,1,1,1
40.8617,1,1,1,1,1,1,1,1,1,1,1,1,1,1
40.8618,9,9,9,9,9,9,9,9,9,9,9,9,9,9
40.8619,3,3,3,3,3,3,3,3,3,3,3,3,3,3
40.8622,13,13,13,13,13,13,13,13,13,13,13,13,13,13
40.8624,1,1,1,1,1,1,1,1,1,1,1,1,1,1
40.8629,1,1,1,1,1,1,1,1,1,1,1,1,1,1
40.8631,1,1,1,1,1,1,1,1,1,1,1,1,1,1
40.8634,5,5,5,5,5,5,5,5,5,5,5,5,5,5
40.8635,3,3,3,3,3,3,3,3,3,3,3,3,3,3
40.8636,1,1,1,1,1,1,1,1,1,1,1,1,1,1
40.8637,2,2,2,2,2,2,2,2,2,2,2,2,2,2
40.8638,1,1,1,1,1,1,1,1,1,1,1,1,1,1
40.8639,2,2,2,2,2,2,2,2,2,2,2,2,2,2
40.8642,7,7,7,7,7,7,7,7,7,7,7,7,7,7
40.8643,4,4,4,4,4,4,4,4,4,4,4,4,4,4
40.8644,5,5,5,5,5,5,5,5,5,5,5,5,5,5
40.8645,4,4,4,4,4,4,4,4,4,4,4,4,4,4
40.8646,4,4,4,4,4,4,4,4,4,4,4,4,4,4
40.8647,4,4,4,4,4,4,4,4,4,4,4,4,4,4
40.8648,1,1,1,1,1,1,1,1,1,1,1,1,1,1
40.8649,5,5,5,5,5,5,5,5,5,5,5,5,5,5
40.865,1,1,1,1,1,1,1,1,1,1,1,1,1,1
40.8652,3,3,3,3,3,3,3,3,3,3,3,3,3,3
40.8653,8,8,8,8,8,8,8,8,8,8,8,8,8,8
40.8654,1,1,1,1,1,1,1,1,1,1,1,1,1,1
40.8655,2,2,2,2,2,2,2,2,2,2,2,2,2,2
40.8657,5,5,5,5,5,5,5,5,5,5,5,5,5,5
40.8658,1,1,1,1,1,1,1,1,1,1,1,1,1,1
40.866,3,3,3,3,3,3,3,3,3,3,3,3,3,3
40.8661,1,1,1,1,1,1,1,1,1,1,1,1,1,1
40.8662,2,2,2,2,2,2,2,2,2,2,2,2,2,2
40.8663,4,4,4,4,4,4,4,4,4,4,4,4,4,4
40.8664,8,8,8,8,8,8,8,8,8,8,8,8,8,8
40.8665,7,7,7,7,7,7,7,7,7,7,7,7,7,7
40.8666,12,12,12,12,12,12,12,12,12,12,12,12,12,12
40.8667,10,10,10,10,10,10,10,10,10,10,10,10,10,10
40.8668,14,14,14,14,14,14,14,14,14,14,14,14,14,14
40.8669,5,5,5,5,5,5,5,5,5,5,5,5,5,5
40.867,2,2,2,2,2,2,2,2,2,2,2,2,2,2
40.8671,6,6,6,6,6,6,6,6,6,6,6,6,6,6
40.8672,1,1,1,1,1,1,1,1,1,1,1,1,1,1
40.8673,5,5,5,5,5,5,5,5,5,5,5,5,5,5
40.8674,1,1,1,1,1,1,1,1,1,1,1,1,1,1
40.8675,2,2,2,2,2,2,2,2,2,2,2,2,2,2
40.8676,5,5,5,5,5,5,5,5,5,5,5,5,5,5
40.8677,2,2,2,2,2,2,2,2,2,2,2,2,2,2
40.8678,5,5,5,5,5,5,5,5,5,5,5,5,5,5
40.8679,12,12,12,12,12,12,12,12,12,12,12,12,12,12
40.8682,3,3,3,3,3,3,3,3,3,3,3,3,3,3
40.8683,8,8,8,8,8,8,8,8,8,8,8,8,8,8
40.8684,2,2,2,2,2,2,2,2,2,2,2,2,2,2
40.8685,7,7,7,7,7,7,7,7,7,7,7,7,7,7
40.8687,17,17,17,17,17,17,17,17,17,17,17,17,17,17
40.8688,1,1,1,1,1,1,1,1,1,1,1,1,1,1
40.8689,19,19,19,19,19,19,19,19,19,19,19,19,19,19
40.8691,1,1,1,1,1,1,1,1,1,1,1,1,1,1
40.8693,3,3,3,3,3,3,3,3,3,3,3,3,3,3
40.8694,3,3,3,3,3,3,3,3,3,3,3,3,3,3
40.8696,9,9,9,9,9,9,9,9,9,9,9,9,9,9
40.8697,3,3,3,3,3,3,3,3,3,3,3,3,3,3
40.8698,5,5,5,5,5,5,5,5,5,5,5,5,5,5
40.8699,10,10,10,10,10,10,10,10,10,10,10,10,10,10
40.8705,1,1,1,1,1,1,1,1,1,1,1,1,1,1
40.8706,1,1,1,1,1,1,1,1,1,1,1,1,1,1
40.8707,1,1,1,1,1,1,1,1,1,1,1,1,1,1
40.8708,2,2,2,2,2,2,2,2,2,2,2,2,2,2
40.8709,1,1,1,1,1,1,1,1,1,1,1,1,1,1
40.871,1,1,1,1,1,1,1,1,1,1,1,1,1,1
40.8712,3,3,3,3,3,3,3,3,3,3,3,3,3,3
40.8713,7,7,7,7,7,7,7,7,7,7,7,7,7,7
40.8716,1,1,1,1,1,1,1,1,1,1,1,1,1,1
40.8717,2,2,2,2,2,2,2,2,2,2,2,2,2,2
40.8718,3,3,3,3,3,3,3,3,3,3,3,3,3,3
40.8719,3,3,3,3,3,3,3,3,3,3,3,3,3,3
40.872,2,2,2,2,2,2,2,2,2,2,2,2,2,2
40.8732,2,2,2,2,2,2,2,2,2,2,2,2,2,2
40.8733,2,2,2,2,2,2,2,2,2,2,2,2,2,2
40.8735,2,2,2,2,2,2,2,2,2,2,2,2,2,2
40.874,1,1,1,1,1,1,1,1,1,1,1,1,1,1
40.8741,3,3,3,3,3,3,3,3,3,3,3,3,3,3
40.8743,1,1,1,1,1,1,1,1,1,1,1,1,1,1
40.8746,1,1,1,1,1,1,1,1,1,1,1,1,1,1
40.8751,1,1,1,1,1,1,1,1,1,1,1,1,1,1
40.8759,1,1,1,1,1,1,1,1,1,1,1,1,1,1
40.8763,1,1,1,1,1,1,1,1,1,1,1,1,1,1
40.8767,5,5,5,5,5,5,5,5,5,5,5,5,5,5
40.8768,1,1,1,1,1,1,1,1,1,1,1,1,1,1
40.8769,1,1,1,1,1,1,1,1,1,1,1,1,1,1
40.8774,1,1,1,1,1,1,1,1,1,1,1,1,1,1
40.8775,1,1,1,1,1,1,1,1,1,1,1,1,1,1
40.878,1,1,1,1,1,1,1,1,1,1,1,1,1,1
40.8786,1,1,1,1,1,1,1,1,1,1,1,1,1,1
40.8787,8,8,8,8,8,8,8,8,8,8,8,8,8,8
40.8788,25,25,25,25,25,25,25,25,25,25,25,25,25,25
40.879,3,3,3,3,3,3,3,3,3,3,3,3,3,3
40.8796,1,1,1,1,1,1,1,1,1,1,1,1,1,1
40.8799,1,1,1,1,1,1,1,1,1,1,1,1,1,1
40.88,1,1,1,1,1,1,1,1,1,1,1,1,1,1
40.8803,2,2,2,2,2,2,2,2,2,2,2,2,2,2
40.8814,2,2,2,2,2,2,2,2,2,2,2,2,2,2
40.8815,6,6,6,6,6,6,6,6,6,6,6,6,6,6
40.8818,2,2,2,2,2,2,2,2,2,2,2,2,2,2
40.8821,3,3,3,3,3,3,3,3,3,3,3,3,3,3
40.8824,3,3,3,3,3,3,3,3,3,3,3,3,3,3
40.8825,3,3,3,3,3,3,3,3,3,3,3,3,3,3
40.8832,1,1,1,1,1,1,1,1,1,1,1,1,1,1
40.8839,1,1,1,1,1,1,1,1,1,1,1,1,1,1
40.8841,2,2,2,2,2,2,2,2,2,2,2,2,2,2
40.8847,1,1,1,1,1,1,1,1,1,1,1,1,1,1
40.8849,1,1,1,1,1,1,1,1,1,1,1,1,1,1
40.8851,4,4,4,4,4,4,4,4,4,4,4,4,4,4
40.8852,4,4,4,4,4,4,4,4,4,4,4,4,4,4
40.8853,1,1,1,1,1,1,1,1,1,1,1,1,1,1
40.8854,3,3,3,3,3,3,3,3,3,3,3,3,3,3
40.8855,4,4,4,4,4,4,4,4,4,4,4,4,4,4
40.8857,1,1,1,1,1,1,1,1,1,1,1,1,1,1
40.886,1,1,1,1,1,1,1,1,1,1,1,1,1,1
40.8861,1,1,1,1,1,1,1,1,1,1,1,1,1,1
40.8862,3,3,3,3,3,3,3,3,3,3,3,3,3,3
40.8866,1,1,1,1,1,1,1,1,1,1,1,1,1,1
40.8868,1,1,1,1,1,1,1,1,1,1,1,1,1,1
40.887,5,5,5,5,5,5,5,5,5,5,5,5,5,5
40.8871,1,1,1,1,1,1,1,1,1,1,1,1,1,1
40.8878,1,1,1,1,1,1,1,1,1,1,1,1,1,1
40.888,1,1,1,1,1,1,1,1,1,1,1,1,1,1
40.8906,3,3,3,3,3,3,3,3,3,3,3,3,3,3
40.892,2,2,2,2,2,2,2,2,2,2,2,2,2,2
40.8922,1,1,1,1,1,1,1,1,1,1,1,1,1,1
40.8924,1,1,1,1,1,1,1,1,1,1,1,1,1,1
40.8941,1,1,1,1,1,1,1,1,1,1,1,1,1,1
40.8961,1,1,1,1,1,1,1,1,1,1,1,1,1,1
40.8963,1,1,1,1,1,1,1,1,1,1,1,1,1,1
40.8989,2,2,2,2,2,2,2,2,2,2,2,2,2,2
40.9019,2,2,2,2,2,2,2,2,2,2,2,2,2,2
40.9026,1,1,1,1,1,1,1,1,1,1,1,1,1,1
40.9028,1,1,1,1,1,1,1,1,1,1,1,1,1,1
40.9035,2,2,2,2,2,2,2,2,2,2,2,2,2,2
40.9039,1,1,1,1,1,1,1,1,1,1,1,1,1,1
40.9064,1,1,1,1,1,1,1,1,1,1,1,1,1,1
40.9067,1,1,1,1,1,1,1,1,1,1,1,1,1,1
40.907,1,1,1,1,1,1,1,1,1,1,1,1,1,1
40.9074,1,1,1,1,1,1,1,1,1,1,1,1,1,1
40.9094,3,3,3,3,3,3,3,3,3,3,3,3,3,3
40.9102,3,3,3,3,3,3,3,3,3,3,3,3,3,3
40.9121,1,1,1,1,1,1,1,1,1,1,1,1,1,1
40.9144,1,1,1,1,1,1,1,1,1,1,1,1,1,1
40.9154,1,1,1,1,1,1,1,1,1,1,1,1,1,1
40.9697,1,1,1,1,1,1,1,1,1,1,1,1,1,1
40.9894,1,1,1,1,1,1,1,1,1,1,1,1,1,1
41.0082,1,1,1,1,1,1,1,1,1,1,1,1,1,1
41.0243,1,1,1,1,1,1,1,1,1,1,1,1,1,1
41.0411,3,3,3,3,3,3,3,3,3,3,3,3,3,3
41.0412,1,1,1,1,1,1,1,1,1,1,1,1,1,1
41.0868,2,2,2,2,2,2,2,2,2,2,2,2,2,2
41.753,1,1,1,1,1,1,1,1,1,1,1,1,1,1
42.2019,4,4,4,4,4,4,4,4,4,4,4,4,4,4
42.2509,1,1,1,1,1,1,1,1,1,1,1,1,1,1
42.3033,2,2,2,2,2,2,2,2,2,2,2,2,2,2
42.3459,4,4,4,4,4,4,4,4,4,4,4,4,4,4
42.8724,1,1,1,1,1,1,1,1,1,1,1,1,1,1
42.8725,1,1,1,1,1,1,1,1,1,1,1,1,1,1
43.0346,1,1,1,1,1,1,1,1,1,1,1,1,1,1
44.6038,1,1,1,1,1,1,1,1,1,1,1,1,1,1
44.8835,1,1,1,1,1,1,1,1,1,1,1,1,1,1
