longitude,bathrooms,bedrooms,building_id,created,description,display_address,features,latitude,listing_id,manager_id,photos,price,street_address,interest_level
-118.271,1,1,1,1,1,1,1,1,1,1,1,1,1,1
-93.2705,1,1,1,1,1,1,1,1,1,1,1,1,1,1
-87.6134,1,1,1,1,1,1,1,1,1,1,1,1,1,1
-86.1527,1,1,1,1,1,1,1,1,1,1,1,1,1,1
-76.6336,1,1,1,1,1,1,1,1,1,1,1,1,1,1
-75.5214,1,1,1,1,1,1,1,1,1,1,1,1,1,1
-75.1773,1,1,1,1,1,1,1,1,1,1,1,1,1,1
-74.6637,1,1,1,1,1,1,1,1,1,1,1,1,1,1
-74.6267,1,1,1,1,1,1,1,1,1,1,1,1,1,1
-74.6248,1,1,1,1,1,1,1,1,1,1,1,1,1,1
-74.5343,1,1,1,1,1,1,1,1,1,1,1,1,1,1
-74.4708,1,1,1,1,1,1,1,1,1,1,1,1,1,1
-74.2432,3,3,3,3,3,3,3,3,3,3,3,3,3,3
-74.2224,4,4,4,4,4,4,4,4,4,4,4,4,4,4
-74.216,1,1,1,1,1,1,1,1,1,1,1,1,1,1
-74.2034,1,1,1,1,1,1,1,1,1,1,1,1,1,1
-74.1626,1,1,1,1,1,1,1,1,1,1,1,1,1,1
-74.1598,1,1,1,1,1,1,1,1,1,1,1,1,1,1
-74.1571,1,1,1,1,1,1,1,1,1,1,1,1,1,1
-74.1215,1,1,1,1,1,1,1,1,1,1,1,1,1,1
-74.094,1,1,1,1,1,1,1,1,1,1,1,1,1,1
-74.0873,1,1,1,1,1,1,1,1,1,1,1,1,1,1
-74.0852,1,1,1,1,1,1,1,1,1,1,1,1,1,1
-74.0816,1,1,1,1,1,1,1,1,1,1,1,1,1,1
-74.0802,1,1,1,1,1,1,1,1,1,1,1,1,1,1
-74.0759,1,1,1,1,1,1,1,1,1,1,1,1,1,1
-74.0604,1,1,1,1,1,1,1,1,1,1,1,1,1,1
-74.049,1,1,1,1,1,1,1,1,1,1,1,1,1,1
-74.0482,1,1,1,1,1,1,1,1,1,1,1,1,1,1
-74.0454,1,1,1,1,1,1,1,1,1,1,1,1,1,1
-74.0412,1,1,1,1,1,1,1,1,1,1,1,1,1,1
-74.0396,1,1,1,1,1,1,1,1,1,1,1,1,1,1
-74.0395,1,1,1,1,1,1,1,1,1,1,1,1,1,1
-74.0393,1,1,1,1,1,1,1,1,1,1,1,1,1,1
-74.0391,3,3,3,3,3,3,3,3,3,3,3,3,3,3
-74.0378,2,2,2,2,2,2,2,2,2,2,2,2,2,2
-74.0377,1,1,1,1,1,1,1,1,1,1,1,1,1,1
-74.0371,1,1,1,1,1,1,1,1,1,1,1,1,1,1
-74.0365,1,1,1,1,1,1,1,1,1,1,1,1,1,1
-74.0364,1,1,1,1,1,1,1,1,1,1,1,1,1,1
-74.0362,2,2,2,2,2,2,2,2,2,2,2,2,2,2
-74.036,2,2,2,2,2,2,2,2,2,2,2,2,2,2
-74.0359,1,1,1,1,1,1,1,1,1,1,1,1,1,1
-74.0358,1,1,1,1,1,1,1,1,1,1,1,1,1,1
-74.0357,1,1,1,1,1,1,1,1,1,1,1,1,1,1
-74.0352,1,1,1,1,1,1,1,1,1,1,1,1,1,1
-74.0348,1,1,1,1,1,1,1,1,1,1,1,1,1,1
-74.0346,2,2,2,2,2,2,2,2,2,2,2,2,2,2
-74.0345,2,2,2,2,2,2,2,2,2,2,2,2,2,2
-74.0344,1,1,1,1,1,1,1,1,1,1,1,1,1,1
-74.034,1,1,1,1,1,1,1,1,1,1,1,1,1,1
-74.0339,2,2,2,2,2,2,2,2,2,2,2,2,2,2
-74.0336,2,2,2,2,2,2,2,2,2,2,2,2,2,2
-74.0334,1,1,1,1,1,1,1,1,1,1,1,1,1,1
-74.0329,2,2,2,2,2,2,2,2,2,2,2,2,2,2
-74.0327,2,2,2,2,2,2,2,2,2,2,2,2,2,2
-74.0323,1,1,1,1,1,1,1,1,1,1,1,1,1,1
-74.0322,2,2,2,2,2,2,2,2,2,2,2,2,2,2
-74.0321,6,6,6,6,6,6,6,6,6,6,6,6,6,6
-74.032,1,1,1,1,1,1,1,1,1,1,1,1,1,1
-74.0319,1,1,1,1,1,1,1,1,1,1,1,1,1,1
-74.0318,1,1,1,1,1,1,1,1,1,1,1,1,1,1
-74.0315,4,4,4,4,4,4,4,4,4,4,4,4,4,4
-74.0312,1,1,1,1,1,1,1,1,1,1,1,1,1,1
-74.0311,6,6,6,6,6,6,6,6,6,6,6,6,6,6
-74.0309,1,1,1,1,1,1,1,1,1,1,1,1,1,1
-74.0308,2,2,2,2,2,2,2,2,2,2,2,2,2,2
-74.0307,1,1,1,1,1,1,1,1,1,1,1,1,1,1
-74.0304,4,4,4,4,4,4,4,4,4,4,4,4,4,4
-74.0303,1,1,1,1,1,1,1,1,1,1,1,1,1,1
-74.0302,1,1,1,1,1,1,1,1,1,1,1,1,1,1
-74.03,2,2,2,2,2,2,2,2,2,2,2,2,2,2
-74.0299,2,2,2,2,2,2,2,2,2,2,2,2,2,2
-74.0296,3,3,3,3,3,3,3,3,3,3,3,3,3,3
-74.0295,2,2,2,2,2,2,2,2,2,2,2,2,2,2
-74.0294,2,2,2,2,2,2,2,2,2,2,2,2,2,2
-74.0293,2,2,2,2,2,2,2,2,2,2,2,2,2,2
-74.0284,3,3,3,3,3,3,3,3,3,3,3,3,3,3
-74.0282,2,2,2,2,2,2,2,2,2,2,2,2,2,2
-74.0272,1,1,1,1,1,1,1,1,1,1,1,1,1,1
-74.0271,2,2,2,2,2,2,2,2,2,2,2,2,2,2
-74.0269,1,1,1,1,1,1,1,1,1,1,1,1,1,1
-74.0264,2,2,2,2,2,2,2,2,2,2,2,2,2,2
-74.0262,3,3,3,3,3,3,3,3,3,3,3,3,3,3
-74.0259,1,1,1,1,1,1,1,1,1,1,1,1,1,1
-74.0258,1,1,1,1,1,1,1,1,1,1,1,1,1,1
-74.0257,12,12,12,12,12,12,12,12,12,12,12,12,12,12
-74.0254,1,1,1,1,1,1,1,1,1,1,1,1,1,1
-74.0249,2,2,2,2,2,2,2,2,2,2,2,2,2,2
-74.0248,1,1,1,1,1,1,1,1,1,1,1,1,1,1
-74.0247,2,2,2,2,2,2,2,2,2,2,2,2,2,2
-74.0246,1,1,1,1,1,1,1,1,1,1,1,1,1,1
-74.0244,5,5,5,5,5,5,5,5,5,5,5,5,5,5
-74.0243,1,1,1,1,1,1,1,1,1,1,1,1,1,1
-74.0242,3,3,3,3,3,3,3,3,3,3,3,3,3,3
-74.0241,5,5,5,5,5,5,5,5,5,5,5,5,5,5
-74.024,2,2,2,2,2,2,2,2,2,2,2,2,2,2
-74.0238,2,2,2,2,2,2,2,2,2,2,2,2,2,2
-74.0237,2,2,2,2,2,2,2,2,2,2,2,2,2,2
-74.0233,1,1,1,1,1,1,1,1,1,1,1,1,1,1
-74.0232,3,3,3,3,3,3,3,3,3,3,3,3,3,3
-74.0231,1,1,1,1,1,1,1,1,1,1,1,1,1,1
-74.0228,3,3,3,3,3,3,3,3,3,3,3,3,3,3
-74.0226,1,1,1,1,1,1,1,1,1,1,1,1,1,1
-74.0225,1,1,1,1,1,1,1,1,1,1,1,1,1,1
-74.0224,1,1,1,1,1,1,1,1,1,1,1,1,1,1
-74.0221,2,2,2,2,2,2,2,2,2,2,2,2,2,2
-74.022,1,1,1,1,1,1,1,1,1,1,1,1,1,1
-74.0219,1,1,1,1,1,1,1,1,1,1,1,1,1,1
-74.0217,5,5,5,5,5,5,5,5,5,5,5,5,5,5
-74.0214,1,1,1,1,1,1,1,1,1,1,1,1,1,1
-74.0213,1,1,1,1,1,1,1,1,1,1,1,1,1,1
-74.0212,1,1,1,1,1,1,1,1,1,1,1,1,1,1
-74.0211,1,1,1,1,1,1,1,1,1,1,1,1,1,1
-74.0205,3,3,3,3,3,3,3,3,3,3,3,3,3,3
-74.0204,1,1,1,1,1,1,1,1,1,1,1,1,1,1
-74.0203,1,1,1,1,1,1,1,1,1,1,1,1,1,1
-74.0202,3,3,3,3,3,3,3,3,3,3,3,3,3,3
-74.0193,1,1,1,1,1,1,1,1,1,1,1,1,1,1
-74.0187,1,1,1,1,1,1,1,1,1,1,1,1,1,1
-74.0186,2,2,2,2,2,2,2,2,2,2,2,2,2,2
-74.0185,1,1,1,1,1,1,1,1,1,1,1,1,1,1
-74.0184,2,2,2,2,2,2,2,2,2,2,2,2,2,2
-74.0183,1,1,1,1,1,1,1,1,1,1,1,1,1,1
-74.0182,12,12,12,12,12,12,12,12,12,12,12,12,12,12
-74.0181,1,1,1,1,1,1,1,1,1,1,1,1,1,1
-74.018,36,36,36,36,36,36,36,36,36,36,36,36,36,36
-74.0179,9,9,9,9,9,9,9,9,9,9,9,9,9,9
-74.0178,1,1,1,1,1,1,1,1,1,1,1,1,1,1
-74.0176,12,12,12,12,12,12,12,12,12,12,12,12,12,12
-74.0175,13,13,13,13,13,13,13,13,13,13,13,13,13,13
-74.0174,2,2,2,2,2,2,2,2,2,2,2,2,2,2
-74.0173,3,3,3,3,3,3,3,3,3,3,3,3,3,3
-74.0172,1,1,1,1,1,1,1,1,1,1,1,1,1,1
-74.0171,3,3,3,3,3,3,3,3,3,3,3,3,3,3
-74.017,6,6,6,6,6,6,6,6,6,6,6,6,6,6
-74.0169,8,8,8,8,8,8,8,8,8,8,8,8,8,8
-74.0168,2,2,2,2,2,2,2,2,2,2,2,2,2,2
-74.0167,1,1,1,1,1,1,1,1,1,1,1,1,1,1
-74.0166,12,12,12,12,12,12,12,12,12,12,12,12,12,12
-74.0165,28,28,28,28,28,28,28,28,28,28,28,28,28,28
-74.0164,4,4,4,4,4,4,4,4,4,4,4,4,4,4
-74.0163,11,11,11,11,11,11,11,11,11,11,11,11,11,11
-74.0162,156,156,156,156,156,156,156,156,156,156,156,156,156,156
-74.0161,42,42,42,42,42,42,42,42,42,42,42,42,42,42
-74.016,9,9,9,9,9,9,9,9,9,9,9,9,9,9
-74.0159,2,2,2,2,2,2,2,2,2,2,2,2,2,2
-74.0158,14,14,14,14,14,14,14,14,14,14,14,14,14,14
-74.0157,42,42,42,42,42,42,42,42,42,42,42,42,42,42
-74.0156,10,10,10,10,10,10,10,10,10,10,10,10,10,10
-74.0155,30,30,30,30,30,30,30,30,30,30,30,30,30,30
-74.0154,4,4,4,4,4,4,4,4,4,4,4,4,4,4
-74.0153,1,1,1,1,1,1,1,1,1,1,1,1,1,1
-74.0152,5,5,5,5,5,5,5,5,5,5,5,5,5,5
-74.0151,43,43,43,43,43,43,43,43,43,43,43,43,43,43
-74.015,2,2,2,2,2,2,2,2,2,2,2,2,2,2
-74.0149,244,244,244,244,244,244,244,244,244,244,244,244,244,244
-74.0148,137,137,137,137,137,137,137,137,137,137,137,137,137,137
-74.0147,9,9,9,9,9,9,9,9,9,9,9,9,9,9
-74.0146,2,2,2,2,2,2,2,2,2,2,2,2,2,2
-74.0145,7,7,7,7,7,7,7,7,7,7,7,7,7,7
-74.0144,7,7,7,7,7,7,7,7,7,7,7,7,7,7
-74.0143,80,80,80,80,80,80,80,80,80,80,80,80,80,80
-74.0142,1,1,1,1,1,1,1,1,1,1,1,1,1,1
-74.0141,4,4,4,4,4,4,4,4,4,4,4,4,4,4
-74.014,1,1,1,1,1,1,1,1,1,1,1,1,1,1
-74.0139,5,5,5,5,5,5,5,5,5,5,5,5,5,5
-74.0138,25,25,25,25,25,25,25,25,25,25,25,25,25,25
-74.0137,13,13,13,13,13,13,13,13,13,13,13,13,13,13
-74.0136,6,6,6,6,6,6,6,6,6,6,6,6,6,6
-74.0135,3,3,3,3,3,3,3,3,3,3,3,3,3,3
-74.0134,24,24,24,24,24,24,24,24,24,24,24,24,24,24
-74.0133,4,4,4,4,4,4,4,4,4,4,4,4,4,4
-74.0132,2,2,2,2,2,2,2,2,2,2,2,2,2,2
-74.0131,6,6,6,6,6,6,6,6,6,6,6,6,6,6
-74.013,1,1,1,1,1,1,1,1,1,1,1,1,1,1
-74.0129,5,5,5,5,5,5,5,5,5,5,5,5,5,5
-74.0128,4,4,4,4,4,4,4,4,4,4,4,4,4,4
-74.0127,4,4,4,4,4,4,4,4,4,4,4,4,4,4
-74.0126,7,7,7,7,7,7,7,7,7,7,7,7,7,7
-74.0125,3,3,3,3,3,3,3,3,3,3,3,3,3,3
-74.0124,15,15,15,15,15,15,15,15,15,15,15,15,15,15
-74.0123,15,15,15,15,15,15,15,15,15,15,15,15,15,15
-74.0122,66,66,66,66,66,66,66,66,66,66,66,66,66,66
-74.012,4,4,4,4,4,4,4,4,4,4,4,4,4,4
-74.0119,5,5,5,5,5,5,5,5,5,5,5,5,5,5
-74.0118,4,4,4,4,4,4,4,4,4,4,4,4,4,4
-74.0117,6,6,6,6,6,6,6,6,6,6,6,6,6,6
-74.0116,9,9,9,9,9,9,9,9,9,9,9,9,9,9
-74.0115,14,14,14,14,14,14,14,14,14,14,14,14,14,14
-74.0114,12,12,12,12,12,12,12,12,12,12,12,12,12,12
-74.0113,65,65,65,65,65,65,65,65,65,65,65,65,65,65
-74.0112,35,35,35,35,35,35,35,35,35,35,35,35,35,35
-74.0111,72,72,72,72,72,72,72,72,72,72,72,72,72,72
-74.011,7,7,7,7,7,7,7,7,7,7,7,7,7,7
-74.0109,101,101,101,101,101,101,101,101,101,101,101,101,101,101
-74.0108,4,4,4,4,4,4,4,4,4,4,4,4,4,4
-74.0107,13,13,13,13,13,13,13,13,13,13,13,13,13,13
-74.0106,35,35,35,35,35,35,35,35,35,35,35,35,35,35
-74.0105,14,14,14,14,14,14,14,14,14,14,14,14,14,14
-74.0104,22,22,22,22,22,22,22,22,22,22,22,22,22,22
-74.0103,60,60,60,60,60,60,60,60,60,60,60,60,60,60
-74.0102,16,16,16,16,16,16,16,16,16,16,16,16,16,16
-74.0101,71,71,71,71,71,71,71,71,71,71,71,71,71,71
-74.01,30,30,30,30,30,30,30,30,30,30,30,30,30,30
-74.0099,86,86,86,86,86,86,86,86,86,86,86,86,86,86
-74.0098,11,11,11,11,11,11,11,11,11,11,11,11,11,11
-74.0097,21,21,21,21,21,21,21,21,21,21,21,21,21,21
-74.0096,79,79,79,79,79,79,79,79,79,79,79,79,79,79
-74.0095,109,109,109,109,109,109,109,109,109,109,109,109,109,109
-74.0094,26,26,26,26,26,26,26,26,26,26,26,26,26,26
-74.0093,12,12,12,12,12,12,12,12,12,12,12,12,12,12
-74.0092,33,33,33,33,33,33,33,33,33,33,33,33,33,33
-74.0091,30,30,30,30,30,30,30,30,30,30,30,30,30,30
-74.009,17,17,17,17,17,17,17,17,17,17,17,17,17,17
-74.0089,129,129,129,129,129,129,129,129,129,129,129,129,129,129
-74.0088,67,67,67,67,67,67,67,67,67,67,67,67,67,67
-74.0087,21,21,21,21,21,21,21,21,21,21,21,21,21,21
-74.0086,91,91,91,91,91,91,91,91,91,91,91,91,91,91
-74.0085,45,45,45,45,45,45,45,45,45,45,45,45,45,45
-74.0084,50,50,50,50,50,50,50,50,50,50,50,50,50,50
-74.0083,14,14,14,14,14,14,14,14,14,14,14,14,14,14
-74.0082,3,3,3,3,3,3,3,3,3,3,3,3,3,3
-74.0081,45,45,45,45,45,45,45,45,45,45,45,45,45,45
-74.008,73,73,73,73,73,73,73,73,73,73,73,73,73,73
-74.0079,16,16,16,16,16,16,16,16,16,16,16,16,16,16
-74.0078,33,33,33,33,33,33,33,33,33,33,33,33,33,33
-74.0077,47,47,47,47,47,47,47,47,47,47,47,47,47,47
-74.0076,127,127,127,127,127,127,127,127,127,127,127,127,127,127
-74.0075,18,18,18,18,18,18,18,18,18,18,18,18,18,18
-74.0074,11,11,11,11,11,11,11,11,11,11,11,11,11,11
-74.0073,3,3,3,3,3,3,3,3,3,3,3,3,3,3
-74.0072,126,126,126,126,126,126,126,126,126,126,126,126,126,126
-74.0071,40,40,40,40,40,40,40,40,40,40,40,40,40,40
-74.007,19,19,19,19,19,19,19,19,19,19,19,19,19,19
-74.0069,136,136,136,136,136,136,136,136,136,136,136,136,136,136
-74.0068,14,14,14,14,14,14,14,14,14,14,14,14,14,14
-74.0067,9,9,9,9,9,9,9,9,9,9,9,9,9,9
-74.0066,45,45,45,45,45,45,45,45,45,45,45,45,45,45
-74.0065,156,156,156,156,156,156,156,156,156,156,156,156,156,156
-74.0064,15,15,15,15,15,15,15,15,15,15,15,15,15,15
-74.0063,14,14,14,14,14,14,14,14,14,14,14,14,14,14
-74.0062,11,11,11,11,11,11,11,11,11,11,11,11,11,11
-74.0061,20,20,20,20,20,20,20,20,20,20,20,20,20,20
-74.006,18,18,18,18,18,18,18,18,18,18,18,18,18,18
-74.0059,204,204,204,204,204,204,204,204,204,204,204,204,204,204
-74.0058,41,41,41,41,41,41,41,41,41,41,41,41,41,41
-74.0057,99,99,99,99,99,99,99,99,99,99,99,99,99,99
-74.0056,63,63,63,63,63,63,63,63,63,63,63,63,63,63
-74.0055,177,177,177,177,177,177,177,177,177,177,177,177,177,177
-74.0054,50,50,50,50,50,50,50,50,50,50,50,50,50,50
-74.0053,64,64,64,64,64,64,64,64,64,64,64,64,64,64
-74.0052,31,31,31,31,31,31,31,31,31,31,31,31,31,31
-74.0051,44,44,44,44,44,44,44,44,44,44,44,44,44,44
-74.005,39,39,39,39,39,39,39,39,39,39,39,39,39,39
-74.0049,41,41,41,41,41,41,41,41,41,41,41,41,41,41
-74.0048,41,41,41,41,41,41,41,41,41,41,41,41,41,41
-74.0047,182,182,182,182,182,182,182,182,182,182,182,182,182,182
-74.0046,222,222,222,222,222,222,222,222,222,222,222,222,222,222
-74.0045,43,43,43,43,43,43,43,43,43,43,43,43,43,43
-74.0044,105,105,105,105,105,105,105,105,105,105,105,105,105,105
-74.0043,34,34,34,34,34,34,34,34,34,34,34,34,34,34
-74.0042,85,85,85,85,85,85,85,85,85,85,85,85,85,85
-74.0041,5,5,5,5,5,5,5,5,5,5,5,5,5,5
-74.004,30,30,30,30,30,30,30,30,30,30,30,30,30,30
-74.0039,9,9,9,9,9,9,9,9,9,9,9,9,9,9
-74.0038,30,30,30,30,30,30,30,30,30,30,30,30,30,30
-74.0037,33,33,33,33,33,33,33,33,33,33,33,33,33,33
-74.0036,109,109,109,109,109,109,109,109,109,109,109,109,109,109
-74.0035,87,87,87,87,87,87,87,87,87,87,87,87,87,87
-74.0034,17,17,17,17,17,17,17,17,17,17,17,17,17,17
-74.0033,18,18,18,18,18,18,18,18,18,18,18,18,18,18
-74.0032,44,44,44,44,44,44,44,44,44,44,44,44,44,44
-74.0031,48,48,48,48,48,48,48,48,48,48,48,48,48,48
-74.003,22,22,22,22,22,22,22,22,22,22,22,22,22,22
-74.0029,48,48,48,48,48,48,48,48,48,48,48,48,48,48
-74.0028,45,45,45,45,45,45,45,45,45,45,45,45,45,45
-74.0027,21,21,21,21,21,21,21,21,21,21,21,21,21,21
-74.0026,71,71,71,71,71,71,71,71,71,71,71,71,71,71
-74.0025,35,35,35,35,35,35,35,35,35,35,35,35,35,35
-74.0024,20,20,20,20,20,20,20,20,20,20,20,20,20,20
-74.0023,47,47,47,47,47,47,47,47,47,47,47,47,47,47
-74.0022,47,47,47,47,47,47,47,47,47,47,47,47,47,47
-74.0021,31,31,31,31,31,31,31,31,31,31,31,31,31,31
-74.002,22,22,22,22,22,22,22,22,22,22,22,22,22,22
-74.0019,95,95,95,95,95,95,95,95,95,95,95,95,95,95
-74.0018,82,82,82,82,82,82,82,82,82,82,82,82,82,82
-74.0017,36,36,36,36,36,36,36,36,36,36,36,36,36,36
-74.0016,73,73,73,73,73,73,73,73,73,73,73,73,73,73
-74.0015,38,38,38,38,38,38,38,38,38,38,38,38,38,38
-74.0014,35,35,35,35,35,35,35,35,35,35,35,35,35,35
-74.0013,41,41,41,41,41,41,41,41,41,41,41,41,41,41
-74.0012,21,21,21,21,21,21,21,21,21,21,21,21,21,21
-74.0011,32,32,32,32,32,32,32,32,32,32,32,32,32,32
-74.001,26,26,26,26,26,26,26,26,26,26,26,26,26,26
-74.0009,70,70,70,70,70,70,70,70,70,70,70,70,70,70
-74.0008,62,62,62,62,62,62,62,62,62,62,62,62,62,62
-74.0007,12,12,12,12,12,12,12,12,12,12,12,12,12,12
-74.0006,28,28,28,28,28,28,28,28,28,28,28,28,28,28
-74.0005,21,21,21,21,21,21,21,21,21,21,21,21,21,21
-74.0004,7,7,7,7,7,7,7,7,7,7,7,7,7,7
-74.0003,37,37,37,37,37,37,37,37,37,37,37,37,37,37
-74.0002,85,85,85,85,85,85,85,85,85,85,85,85,85,85
-74.0001,45,45,45,45,45,45,45,45,45,45,45,45,45,45
-74.0,65,65,65,65,65,65,65,65,65,65,65,65,65,65
-73.9999,111,111,111,111,111,111,111,111,111,111,111,111,111,111
-73.9998,80,80,80,80,80,80,80,80,80,80,80,80,80,80
-73.9997,2,2,2,2,2,2,2,2,2,2,2,2,2,2
-73.9996,29,29,29,29,29,29,29,29,29,29,29,29,29,29
-73.9995,16,16,16,16,16,16,16,16,16,16,16,16,16,16
-73.9994,72,72,72,72,72,72,72,72,72,72,72,72,72,72
-73.9993,14,14,14,14,14,14,14,14,14,14,14,14,14,14
-73.9992,27,27,27,27,27,27,27,27,27,27,27,27,27,27
-73.9991,19,19,19,19,19,19,19,19,19,19,19,19,19,19
-73.999,108,108,108,108,108,108,108,108,108,108,108,108,108,108
-73.9989,83,83,83,83,83,83,83,83,83,83,83,83,83,83
-73.9988,17,17,17,17,17,17,17,17,17,17,17,17,17,17
-73.9987,15,15,15,15,15,15,15,15,15,15,15,15,15,15
-73.9986,37,37,37,37,37,37,37,37,37,37,37,37,37,37
-73.9985,21,21,21,21,21,21,21,21,21,21,21,21,21,21
-73.9984,80,80,80,80,80,80,80,80,80,80,80,80,80,80
-73.9983,35,35,35,35,35,35,35,35,35,35,35,35,35,35
-73.9982,292,292,292,292,292,292,292,292,292,292,292,292,292,292
-73.9981,97,97,97,97,97,97,97,97,97,97,97,97,97,97
-73.998,20,20,20,20,20,20,20,20,20,20,20,20,20,20
-73.9979,47,47,47,47,47,47,47,47,47,47,47,47,47,47
-73.9978,164,164,164,164,164,164,164,164,164,164,164,164,164,164
-73.9977,35,35,35,35,35,35,35,35,35,35,35,35,35,35
-73.9976,28,28,28,28,28,28,28,28,28,28,28,28,28,28
-73.9975,27,27,27,27,27,27,27,27,27,27,27,27,27,27
-73.9974,28,28,28,28,28,28,28,28,28,28,28,28,28,28
-73.9973,67,67,67,67,67,67,67,67,67,67,67,67,67,67
-73.9972,22,22,22,22,22,22,22,22,22,22,22,22,22,22
-73.9971,39,39,39,39,39,39,39,39,39,39,39,39,39,39
-73.997,14,14,14,14,14,14,14,14,14,14,14,14,14,14
-73.9969,34,34,34,34,34,34,34,34,34,34,34,34,34,34
-73.9968,85,85,85,85,85,85,85,85,85,85,85,85,85,85
-73.9967,8,8,8,8,8,8,8,8,8,8,8,8,8,8
-73.9966,13,13,13,13,13,13,13,13,13,13,13,13,13,13
-73.9965,69,69,69,69,69,69,69,69,69,69,69,69,69,69
-73.9964,145,145,145,145,145,145,145,145,145,145,145,145,145,145
-73.9963,130,130,130,130,130,130,130,130,130,130,130,130,130,130
-73.9962,121,121,121,121,121,121,121,121,121,121,121,121,121,121
-73.9961,67,67,67,67,67,67,67,67,67,67,67,67,67,67
-73.996,50,50,50,50,50,50,50,50,50,50,50,50,50,50
-73.9959,133,133,133,133,133,133,133,133,133,133,133,133,133,133
-73.9958,123,123,123,123,123,123,123,123,123,123,123,123,123,123
-73.9957,55,55,55,55,55,55,55,55,55,55,55,55,55,55
-73.9956,76,76,76,76,76,76,76,76,76,76,76,76,76,76
-73.9955,46,46,46,46,46,46,46,46,46,46,46,46,46,46
-73.9954,27,27,27,27,27,27,27,27,27,27,27,27,27,27
-73.9953,35,35,35,35,35,35,35,35,35,35,35,35,35,35
-73.9952,19,19,19,19,19,19,19,19,19,19,19,19,19,19
-73.9951,29,29,29,29,29,29,29,29,29,29,29,29,29,29
-73.995,38,38,38,38,38,38,38,38,38,38,38,38,38,38
-73.9949,87,87,87,87,87,87,87,87,87,87,87,87,87,87
-73.9948,34,34,34,34,34,34,34,34,34,34,34,34,34,34
-73.9947,96,96,96,96,96,96,96,96,96,96,96,96,96,96
-73.9946,80,80,80,80,80,80,80,80,80,80,80,80,80,80
-73.9945,82,82,82,82,82,82,82,82,82,82,82,82,82,82
-73.9944,153,153,153,153,153,153,153,153,153,153,153,153,153,153
-73.9943,15,15,15,15,15,15,15,15,15,15,15,15,15,15
-73.9942,135,135,135,135,135,135,135,135,135,135,135,135,135,135
-73.9941,46,46,46,46,46,46,46,46,46,46,46,46,46,46
-73.994,46,46,46,46,46,46,46,46,46,46,46,46,46,46
-73.9939,70,70,70,70,70,70,70,70,70,70,70,70,70,70
-73.9938,112,112,112,112,112,112,112,112,112,112,112,112,112,112
-73.9937,44,44,44,44,44,44,44,44,44,44,44,44,44,44
-73.9936,48,48,48,48,48,48,48,48,48,48,48,48,48,48
-73.9935,82,82,82,82,82,82,82,82,82,82,82,82,82,82
-73.9934,55,55,55,55,55,55,55,55,55,55,55,55,55,55
-73.9933,43,43,43,43,43,43,43,43,43,43,43,43,43,43
-73.9932,26,26,26,26,26,26,26,26,26,26,26,26,26,26
-73.9931,31,31,31,31,31,31,31,31,31,31,31,31,31,31
-73.993,51,51,51,51,51,51,51,51,51,51,51,51,51,51
-73.9929,120,120,120,120,120,120,120,120,120,120,120,120,120,120
-73.9928,63,63,63,63,63,63,63,63,63,63,63,63,63,63
-73.9927,106,106,106,106,106,106,106,106,106,106,106,106,106,106
-73.9926,31,31,31,31,31,31,31,31,31,31,31,31,31,31
-73.9925,40,40,40,40,40,40,40,40,40,40,40,40,40,40
-73.9924,35,35,35,35,35,35,35,35,35,35,35,35,35,35
-73.9923,24,24,24,24,24,24,24,24,24,24,24,24,24,24
-73.9922,142,142,142,142,142,142,142,142,142,142,142,142,142,142
-73.9921,24,24,24,24,24,24,24,24,24,24,24,24,24,24
-73.992,40,40,40,40,40,40,40,40,40,40,40,40,40,40
-73.9919,108,108,108,108,108,108,108,108,108,108,108,108,108,108
-73.9918,80,80,80,80,80,80,80,80,80,80,80,80,80,80
-73.9917,126,126,126,126,126,126,126,126,126,126,126,126,126,126
-73.9916,144,144,144,144,144,144,144,144,144,144,144,144,144,144
-73.9915,142,142,142,142,142,142,142,142,142,142,142,142,142,142
-73.9914,95,95,95,95,95,95,95,95,95,95,95,95,95,95
-73.9913,72,72,72,72,72,72,72,72,72,72,72,72,72,72
-73.9912,43,43,43,43,43,43,43,43,43,43,43,43,43,43
-73.9911,20,20,20,20,20,20,20,20,20,20,20,20,20,20
-73.991,16,16,16,16,16,16,16,16,16,16,16,16,16,16
-73.9909,79,79,79,79,79,79,79,79,79,79,79,79,79,79
-73.9908,35,35,35,35,35,35,35,35,35,35,35,35,35,35
-73.9907,32,32,32,32,32,32,32,32,32,32,32,32,32,32
-73.9906,25,25,25,25,25,25,25,25,25,25,25,25,25,25
-73.9905,81,81,81,81,81,81,81,81,81,81,81,81,81,81
-73.9904,60,60,60,60,60,60,60,60,60,60,60,60,60,60
-73.9903,119,119,119,119,119,119,119,119,119,119,119,119,119,119
-73.9902,74,74,74,74,74,74,74,74,74,74,74,74,74,74
-73.9901,177,177,177,177,177,177,177,177,177,177,177,177,177,177
-73.99,122,122,122,122,122,122,122,122,122,122,122,122,122,122
-73.9899,35,35,35,35,35,35,35,35,35,35,35,35,35,35
-73.9898,87,87,87,87,87,87,87,87,87,87,87,87,87,87
-73.9897,122,122,122,122,122,122,122,122,122,122,122,122,122,122
-73.9896,92,92,92,92,92,92,92,92,92,92,92,92,92,92
-73.9895,83,83,83,83,83,83,83,83,83,83,83,83,83,83
-73.9894,56,56,56,56,56,56,56,56,56,56,56,56,56,56
-73.9893,64,64,64,64,64,64,64,64,64,64,64,64,64,64
-73.9892,93,93,93,93,93,93,93,93,93,93,93,93,93,93
-73.9891,65,65,65,65,65,65,65,65,65,65,65,65,65,65
-73.989,45,45,45,45,45,45,45,45,45,45,45,45,45,45
-73.9889,58,58,58,58,58,58,58,58,58,58,58,58,58,58
-73.9888,40,40,40,40,40,40,40,40,40,40,40,40,40,40
-73.9887,112,112,112,112,112,112,112,112,112,112,112,112,112,112
-73.9886,158,158,158,158,158,158,158,158,158,158,158,158,158,158
-73.9885,132,132,132,132,132,132,132,132,132,132,132,132,132,132
-73.9884,47,47,47,47,47,47,47,47,47,47,47,47,47,47
-73.9883,82,82,82,82,82,82,82,82,82,82,82,82,82,82
-73.9882,39,39,39,39,39,39,39,39,39,39,39,39,39,39
-73.9881,49,49,49,49,49,49,49,49,49,49,49,49,49,49
-73.988,54,54,54,54,54,54,54,54,54,54,54,54,54,54
-73.9879,37,37,37,37,37,37,37,37,37,37,37,37,37,37
-73.9878,42,42,42,42,42,42,42,42,42,42,42,42,42,42
-73.9877,63,63,63,63,63,63,63,63,63,63,63,63,63,63
-73.9876,59,59,59,59,59,59,59,59,59,59,59,59,59,59
-73.9875,268,268,268,268,268,268,268,268,268,268,268,268,268,268
-73.9874,101,101,101,101,101,101,101,101,101,101,101,101,101,101
-73.9873,40,40,40,40,40,40,40,40,40,40,40,40,40,40
-73.9872,38,38,38,38,38,38,38,38,38,38,38,38,38,38
-73.9871,63,63,63,63,63,63,63,63,63,63,63,63,63,63
-73.987,115,115,115,115,115,115,115,115,115,115,115,115,115,115
-73.9869,21,21,21,21,21,21,21,21,21,21,21,21,21,21
-73.9868,61,61,61,61,61,61,61,61,61,61,61,61,61,61
-73.9867,70,70,70,70,70,70,70,70,70,70,70,70,70,70
-73.9866,62,62,62,62,62,62,62,62,62,62,62,62,62,62
-73.9865,184,184,184,184,184,184,184,184,184,184,184,184,184,184
-73.9864,266,266,266,266,266,266,266,266,266,266,266,266,266,266
-73.9863,155,155,155,155,155,155,155,155,155,155,155,155,155,155
-73.9862,81,81,81,81,81,81,81,81,81,81,81,81,81,81
-73.9861,98,98,98,98,98,98,98,98,98,98,98,98,98,98
-73.986,155,155,155,155,155,155,155,155,155,155,155,155,155,155
-73.9859,68,68,68,68,68,68,68,68,68,68,68,68,68,68
-73.9858,26,26,26,26,26,26,26,26,26,26,26,26,26,26
-73.9857,147,147,147,147,147,147,147,147,147,147,147,147,147,147
-73.9856,20,20,20,20,20,20,20,20,20,20,20,20,20,20
-73.9855,33,33,33,33,33,33,33,33,33,33,33,33,33,33
-73.9854,59,59,59,59,59,59,59,59,59,59,59,59,59,59
-73.9853,17,17,17,17,17,17,17,17,17,17,17,17,17,17
-73.9852,23,23,23,23,23,23,23,23,23,23,23,23,23,23
-73.9851,133,133,133,133,133,133,133,133,133,133,133,133,133,133
-73.985,59,59,59,59,59,59,59,59,59,59,59,59,59,59
-73.9849,128,128,128,128,128,128,128,128,128,128,128,128,128,128
-73.9848,107,107,107,107,107,107,107,107,107,107,107,107,107,107
-73.9847,120,120,120,120,120,120,120,120,120,120,120,120,120,120
-73.9846,172,172,172,172,172,172,172,172,172,172,172,172,172,172
-73.9845,62,62,62,62,62,62,62,62,62,62,62,62,62,62
-73.9844,40,40,40,40,40,40,40,40,40,40,40,40,40,40
-73.9843,59,59,59,59,59,59,59,59,59,59,59,59,59,59
-73.9842,18,18,18,18,18,18,18,18,18,18,18,18,18,18
-73.9841,41,41,41,41,41,41,41,41,41,41,41,41,41,41
-73.984,198,198,198,198,198,198,198,198,198,198,198,198,198,198
-73.9839,226,226,226,226,226,226,226,226,226,226,226,226,226,226
-73.9838,247,247,247,247,247,247,247,247,247,247,247,247,247,247
-73.9837,137,137,137,137,137,137,137,137,137,137,137,137,137,137
-73.9836,104,104,104,104,104,104,104,104,104,104,104,104,104,104
-73.9835,34,34,34,34,34,34,34,34,34,34,34,34,34,34
-73.9834,62,62,62,62,62,62,62,62,62,62,62,62,62,62
-73.9833,61,61,61,61,61,61,61,61,61,61,61,61,61,61
-73.9832,137,137,137,137,137,137,137,137,137,137,137,137,137,137
-73.9831,119,119,119,119,119,119,119,119,119,119,119,119,119,119
-73.983,86,86,86,86,86,86,86,86,86,86,86,86,86,86
-73.9829,119,119,119,119,119,119,119,119,119,119,119,119,119,119
-73.9828,85,85,85,85,85,85,85,85,85,85,85,85,85,85
-73.9827,93,93,93,93,93,93,93,93,93,93,93,93,93,93
-73.9826,186,186,186,186,186,186,186,186,186,186,186,186,186,186
-73.9825,67,67,67,67,67,67,67,67,67,67,67,67,67,67
-73.9824,121,121,121,121,121,121,121,121,121,121,121,121,121,121
-73.9823,69,69,69,69,69,69,69,69,69,69,69,69,69,69
-73.9822,170,170,170,170,170,170,170,170,170,170,170,170,170,170
-73.9821,65,65,65,65,65,65,65,65,65,65,65,65,65,65
-73.982,32,32,32,32,32,32,32,32,32,32,32,32,32,32
-73.9819,108,108,108,108,108,108,108,108,108,108,108,108,108,108
-73.9818,128,128,128,128,128,128,128,128,128,128,128,128,128,128
-73.9817,117,117,117,117,117,117,117,117,117,117,117,117,117,117
-73.9816,113,113,113,113,113,113,113,113,113,113,113,113,113,113
-73.9815,87,87,87,87,87,87,87,87,87,87,87,87,87,87
-73.9814,72,72,72,72,72,72,72,72,72,72,72,72,72,72
-73.9813,58,58,58,58,58,58,58,58,58,58,58,58,58,58
-73.9812,104,104,104,104,104,104,104,104,104,104,104,104,104,104
-73.9811,60,60,60,60,60,60,60,60,60,60,60,60,60,60
-73.981,108,108,108,108,108,108,108,108,108,108,108,108,108,108
-73.9809,186,186,186,186,186,186,186,186,186,186,186,186,186,186
-73.9808,114,114,114,114,114,114,114,114,114,114,114,114,114,114
-73.9807,63,63,63,63,63,63,63,63,63,63,63,63,63,63
-73.9806,90,90,90,90,90,90,90,90,90,90,90,90,90,90
-73.9805,133,133,133,133,133,133,133,133,133,133,133,133,133,133
-73.9804,50,50,50,50,50,50,50,50,50,50,50,50,50,50
-73.9803,146,146,146,146,146,146,146,146,146,146,146,146,146,146
-73.9802,61,61,61,61,61,61,61,61,61,61,61,61,61,61
-73.9801,60,60,60,60,60,60,60,60,60,60,60,60,60,60
-73.98,47,47,47,47,47,47,47,47,47,47,47,47,47,47
-73.9799,106,106,106,106,106,106,106,106,106,106,106,106,106,106
-73.9798,65,65,65,65,65,65,65,65,65,65,65,65,65,65
-73.9797,90,90,90,90,90,90,90,90,90,90,90,90,90,90
-73.9796,36,36,36,36,36,36,36,36,36,36,36,36,36,36
-73.9795,62,62,62,62,62,62,62,62,62,62,62,62,62,62
-73.9794,140,140,140,140,140,140,140,140,140,140,140,140,140,140
-73.9793,29,29,29,29,29,29,29,29,29,29,29,29,29,29
-73.9792,65,65,65,65,65,65,65,65,65,65,65,65,65,65
-73.9791,43,43,43,43,43,43,43,43,43,43,43,43,43,43
-73.979,108,108,108,108,108,108,108,108,108,108,108,108,108,108
-73.9789,207,207,207,207,207,207,207,207,207,207,207,207,207,207
-73.9788,60,60,60,60,60,60,60,60,60,60,60,60,60,60
-73.9787,47,47,47,47,47,47,47,47,47,47,47,47,47,47
-73.9786,52,52,52,52,52,52,52,52,52,52,52,52,52,52
-73.9785,138,138,138,138,138,138,138,138,138,138,138,138,138,138
-73.9784,90,90,90,90,90,90,90,90,90,90,90,90,90,90
-73.9783,31,31,31,31,31,31,31,31,31,31,31,31,31,31
-73.9782,101,101,101,101,101,101,101,101,101,101,101,101,101,101
-73.9781,133,133,133,133,133,133,133,133,133,133,133,133,133,133
-73.978,81,81,81,81,81,81,81,81,81,81,81,81,81,81
-73.9779,194,194,194,194,194,194,194,194,194,194,194,194,194,194
-73.9778,54,54,54,54,54,54,54,54,54,54,54,54,54,54
-73.9777,58,58,58,58,58,58,58,58,58,58,58,58,58,58
-73.9776,73,73,73,73,73,73,73,73,73,73,73,73,73,73
-73.9775,49,49,49,49,49,49,49,49,49,49,49,49,49,49
-73.9774,87,87,87,87,87,87,87,87,87,87,87,87,87,87
-73.9773,129,129,129,129,129,129,129,129,129,129,129,129,129,129
-73.9772,171,171,171,171,171,171,171,171,171,171,171,171,171,171
-73.97710000000001,72,72,72,72,72,72,72,72,72,72,72,72,72,72
-73.977,92,92,92,92,92,92,92,92,92,92,92,92,92,92
-73.9769,52,52,52,52,52,52,52,52,52,52,52,52,52,52
-73.9768,21,21,21,21,21,21,21,21,21,21,21,21,21,21
-73.9767,31,31,31,31,31,31,31,31,31,31,31,31,31,31
-73.9766,22,22,22,22,22,22,22,22,22,22,22,22,22,22
-73.9765,133,133,133,133,133,133,133,133,133,133,133,133,133,133
-73.9764,45,45,45,45,45,45,45,45,45,45,45,45,45,45
-73.9763,58,58,58,58,58,58,58,58,58,58,58,58,58,58
-73.9762,35,35,35,35,35,35,35,35,35,35,35,35,35,35
-73.9761,76,76,76,76,76,76,76,76,76,76,76,76,76,76
-73.976,148,148,148,148,148,148,148,148,148,148,148,148,148,148
-73.9759,62,62,62,62,62,62,62,62,62,62,62,62,62,62
-73.9758,54,54,54,54,54,54,54,54,54,54,54,54,54,54
-73.9757,196,196,196,196,196,196,196,196,196,196,196,196,196,196
-73.9756,72,72,72,72,72,72,72,72,72,72,72,72,72,72
-73.9755,37,37,37,37,37,37,37,37,37,37,37,37,37,37
-73.9754,94,94,94,94,94,94,94,94,94,94,94,94,94,94
-73.9753,36,36,36,36,36,36,36,36,36,36,36,36,36,36
-73.9752,22,22,22,22,22,22,22,22,22,22,22,22,22,22
-73.9751,50,50,50,50,50,50,50,50,50,50,50,50,50,50
-73.975,39,39,39,39,39,39,39,39,39,39,39,39,39,39
-73.9749,52,52,52,52,52,52,52,52,52,52,52,52,52,52
-73.9748,75,75,75,75,75,75,75,75,75,75,75,75,75,75
-73.9747,20,20,20,20,20,20,20,20,20,20,20,20,20,20
-73.9746,73,73,73,73,73,73,73,73,73,73,73,73,73,73
-73.9745,38,38,38,38,38,38,38,38,38,38,38,38,38,38
-73.9744,48,48,48,48,48,48,48,48,48,48,48,48,48,48
-73.9743,153,153,153,153,153,153,153,153,153,153,153,153,153,153
-73.9742,164,164,164,164,164,164,164,164,164,164,164,164,164,164
-73.9741,140,140,140,140,140,140,140,140,140,140,140,140,140,140
-73.974,169,169,169,169,169,169,169,169,169,169,169,169,169,169
-73.9739,108,108,108,108,108,108,108,108,108,108,108,108,108,108
-73.9738,55,55,55,55,55,55,55,55,55,55,55,55,55,55
-73.9737,54,54,54,54,54,54,54,54,54,54,54,54,54,54
-73.9736,24,24,24,24,24,24,24,24,24,24,24,24,24,24
-73.9735,55,55,55,55,55,55,55,55,55,55,55,55,55,55
-73.9734,74,74,74,74,74,74,74,74,74,74,74,74,74,74
-73.9733,14,14,14,14,14,14,14,14,14,14,14,14,14,14
-73.9732,63,63,63,63,63,63,63,63,63,63,63,63,63,63
-73.9731,48,48,48,48,48,48,48,48,48,48,48,48,48,48
-73.973,24,24,24,24,24,24,24,24,24,24,24,24,24,24
-73.9729,12,12,12,12,12,12,12,12,12,12,12,12,12,12
-73.9728,27,27,27,27,27,27,27,27,27,27,27,27,27,27
-73.9727,215,215,215,215,215,215,215,215,215,215,215,215,215,215
-73.9726,39,39,39,39,39,39,39,39,39,39,39,39,39,39
-73.9725,51,51,51,51,51,51,51,51,51,51,51,51,51,51
-73.9724,27,27,27,27,27,27,27,27,27,27,27,27,27,27
-73.9723,27,27,27,27,27,27,27,27,27,27,27,27,27,27
-73.9722,48,48,48,48,48,48,48,48,48,48,48,48,48,48
-73.9721,58,58,58,58,58,58,58,58,58,58,58,58,58,58
-73.972,17,17,17,17,17,17,17,17,17,17,17,17,17,17
-73.9719,4,4,4,4,4,4,4,4,4,4,4,4,4,4
-73.9718,12,12,12,12,12,12,12,12,12,12,12,12,12,12
-73.9717,33,33,33,33,33,33,33,33,33,33,33,33,33,33
-73.9716,9,9,9,9,9,9,9,9,9,9,9,9,9,9
-73.9715,31,31,31,31,31,31,31,31,31,31,31,31,31,31
-73.9714,4,4,4,4,4,4,4,4,4,4,4,4,4,4
-73.9713,21,21,21,21,21,21,21,21,21,21,21,21,21,21
-73.9712,72,72,72,72,72,72,72,72,72,72,72,72,72,72
-73.9711,7,7,7,7,7,7,7,7,7,7,7,7,7,7
-73.971,43,43,43,43,43,43,43,43,43,43,43,43,43,43
-73.9709,55,55,55,55,55,55,55,55,55,55,55,55,55,55
-73.9708,35,35,35,35,35,35,35,35,35,35,35,35,35,35
-73.9707,16,16,16,16,16,16,16,16,16,16,16,16,16,16
-73.9706,29,29,29,29,29,29,29,29,29,29,29,29,29,29
-73.9705,127,127,127,127,127,127,127,127,127,127,127,127,127,127
-73.9704,35,35,35,35,35,35,35,35,35,35,35,35,35,35
-73.9703,68,68,68,68,68,68,68,68,68,68,68,68,68,68
-73.9702,38,38,38,38,38,38,38,38,38,38,38,38,38,38
-73.9701,10,10,10,10,10,10,10,10,10,10,10,10,10,10
-73.97,3,3,3,3,3,3,3,3,3,3,3,3,3,3
-73.9699,11,11,11,11,11,11,11,11,11,11,11,11,11,11
-73.9698,12,12,12,12,12,12,12,12,12,12,12,12,12,12
-73.9697,14,14,14,14,14,14,14,14,14,14,14,14,14,14
-73.9696,31,31,31,31,31,31,31,31,31,31,31,31,31,31
-73.9695,175,175,175,175,175,175,175,175,175,175,175,175,175,175
-73.9694,25,25,25,25,25,25,25,25,25,25,25,25,25,25
-73.9693,3,3,3,3,3,3,3,3,3,3,3,3,3,3
-73.9692,18,18,18,18,18,18,18,18,18,18,18,18,18,18
-73.9691,26,26,26,26,26,26,26,26,26,26,26,26,26,26
-73.969,147,147,147,147,147,147,147,147,147,147,147,147,147,147
-73.9689,110,110,110,110,110,110,110,110,110,110,110,110,110,110
-73.9688,38,38,38,38,38,38,38,38,38,38,38,38,38,38
-73.9687,44,44,44,44,44,44,44,44,44,44,44,44,44,44
-73.9686,58,58,58,58,58,58,58,58,58,58,58,58,58,58
-73.9685,45,45,45,45,45,45,45,45,45,45,45,45,45,45
-73.9684,11,11,11,11,11,11,11,11,11,11,11,11,11,11
-73.9683,12,12,12,12,12,12,12,12,12,12,12,12,12,12
-73.9682,22,22,22,22,22,22,22,22,22,22,22,22,22,22
-73.9681,27,27,27,27,27,27,27,27,27,27,27,27,27,27
-73.968,78,78,78,78,78,78,78,78,78,78,78,78,78,78
-73.9679,17,17,17,17,17,17,17,17,17,17,17,17,17,17
-73.9678,107,107,107,107,107,107,107,107,107,107,107,107,107,107
-73.9677,189,189,189,189,189,189,189,189,189,189,189,189,189,189
-73.9676,59,59,59,59,59,59,59,59,59,59,59,59,59,59
-73.9675,94,94,94,94,94,94,94,94,94,94,94,94,94,94
-73.9674,15,15,15,15,15,15,15,15,15,15,15,15,15,15
-73.9673,6,6,6,6,6,6,6,6,6,6,6,6,6,6
-73.9672,18,18,18,18,18,18,18,18,18,18,18,18,18,18
-73.9671,10,10,10,10,10,10,10,10,10,10,10,10,10,10
-73.967,44,44,44,44,44,44,44,44,44,44,44,44,44,44
-73.9669,20,20,20,20,20,20,20,20,20,20,20,20,20,20
-73.9668,126,126,126,126,126,126,126,126,126,126,126,126,126,126
-73.9667,70,70,70,70,70,70,70,70,70,70,70,70,70,70
-73.9666,76,76,76,76,76,76,76,76,76,76,76,76,76,76
-73.9665,14,14,14,14,14,14,14,14,14,14,14,14,14,14
-73.9664,48,48,48,48,48,48,48,48,48,48,48,48,48,48
-73.9663,76,76,76,76,76,76,76,76,76,76,76,76,76,76
-73.9662,43,43,43,43,43,43,43,43,43,43,43,43,43,43
-73.9661,38,38,38,38,38,38,38,38,38,38,38,38,38,38
-73.966,75,75,75,75,75,75,75,75,75,75,75,75,75,75
-73.9659,75,75,75,75,75,75,75,75,75,75,75,75,75,75
-73.9658,30,30,30,30,30,30,30,30,30,30,30,30,30,30
-73.9657,37,37,37,37,37,37,37,37,37,37,37,37,37,37
-73.9656,28,28,28,28,28,28,28,28,28,28,28,28,28,28
-73.9655,47,47,47,47,47,47,47,47,47,47,47,47,47,47
-73.9654,20,20,20,20,20,20,20,20,20,20,20,20,20,20
-73.9653,59,59,59,59,59,59,59,59,59,59,59,59,59,59
-73.9652,15,15,15,15,15,15,15,15,15,15,15,15,15,15
-73.9651,43,43,43,43,43,43,43,43,43,43,43,43,43,43
-73.965,36,36,36,36,36,36,36,36,36,36,36,36,36,36
-73.9649,55,55,55,55,55,55,55,55,55,55,55,55,55,55
-73.9648,105,105,105,105,105,105,105,105,105,105,105,105,105,105
-73.9647,83,83,83,83,83,83,83,83,83,83,83,83,83,83
-73.9646,13,13,13,13,13,13,13,13,13,13,13,13,13,13
-73.9645,11,11,11,11,11,11,11,11,11,11,11,11,11,11
-73.9644,20,20,20,20,20,20,20,20,20,20,20,20,20,20
-73.9643,10,10,10,10,10,10,10,10,10,10,10,10,10,10
-73.9642,32,32,32,32,32,32,32,32,32,32,32,32,32,32
-73.9641,21,21,21,21,21,21,21,21,21,21,21,21,21,21
-73.964,24,24,24,24,24,24,24,24,24,24,24,24,24,24
-73.9639,56,56,56,56,56,56,56,56,56,56,56,56,56,56
-73.9638,114,114,114,114,114,114,114,114,114,114,114,114,114,114
-73.9637,30,30,30,30,30,30,30,30,30,30,30,30,30,30
-73.9636,84,84,84,84,84,84,84,84,84,84,84,84,84,84
-73.9635,24,24,24,24,24,24,24,24,24,24,24,24,24,24
-73.96340000000001,36,36,36,36,36,36,36,36,36,36,36,36,36,36
-73.9633,20,20,20,20,20,20,20,20,20,20,20,20,20,20
-73.9632,62,62,62,62,62,62,62,62,62,62,62,62,62,62
-73.9631,65,65,65,65,65,65,65,65,65,65,65,65,65,65
-73.963,23,23,23,23,23,23,23,23,23,23,23,23,23,23
-73.9629,29,29,29,29,29,29,29,29,29,29,29,29,29,29
-73.9628,69,69,69,69,69,69,69,69,69,69,69,69,69,69
-73.9627,52,52,52,52,52,52,52,52,52,52,52,52,52,52
-73.9626,83,83,83,83,83,83,83,83,83,83,83,83,83,83
-73.9625,106,106,106,106,106,106,106,106,106,106,106,106,106,106
-73.9624,48,48,48,48,48,48,48,48,48,48,48,48,48,48
-73.9623,59,59,59,59,59,59,59,59,59,59,59,59,59,59
-73.9622,42,42,42,42,42,42,42,42,42,42,42,42,42,42
-73.9621,50,50,50,50,50,50,50,50,50,50,50,50,50,50
-73.962,34,34,34,34,34,34,34,34,34,34,34,34,34,34
-73.9619,32,32,32,32,32,32,32,32,32,32,32,32,32,32
-73.9618,71,71,71,71,71,71,71,71,71,71,71,71,71,71
-73.9617,116,116,116,116,116,116,116,116,116,116,116,116,116,116
-73.9616,53,53,53,53,53,53,53,53,53,53,53,53,53,53
-73.9615,25,25,25,25,25,25,25,25,25,25,25,25,25,25
-73.9614,12,12,12,12,12,12,12,12,12,12,12,12,12,12
-73.9613,16,16,16,16,16,16,16,16,16,16,16,16,16,16
-73.9612,6,6,6,6,6,6,6,6,6,6,6,6,6,6
-73.9611,38,38,38,38,38,38,38,38,38,38,38,38,38,38
-73.961,58,58,58,58,58,58,58,58,58,58,58,58,58,58
-73.9609,72,72,72,72,72,72,72,72,72,72,72,72,72,72
-73.9608,64,64,64,64,64,64,64,64,64,64,64,64,64,64
-73.9607,68,68,68,68,68,68,68,68,68,68,68,68,68,68
-73.9606,44,44,44,44,44,44,44,44,44,44,44,44,44,44
-73.9605,12,12,12,12,12,12,12,12,12,12,12,12,12,12
-73.9604,31,31,31,31,31,31,31,31,31,31,31,31,31,31
-73.9603,135,135,135,135,135,135,135,135,135,135,135,135,135,135
-73.9602,13,13,13,13,13,13,13,13,13,13,13,13,13,13
-73.9601,51,51,51,51,51,51,51,51,51,51,51,51,51,51
-73.96,7,7,7,7,7,7,7,7,7,7,7,7,7,7
-73.9599,30,30,30,30,30,30,30,30,30,30,30,30,30,30
-73.9598,63,63,63,63,63,63,63,63,63,63,63,63,63,63
-73.9597,45,45,45,45,45,45,45,45,45,45,45,45,45,45
-73.9596,56,56,56,56,56,56,56,56,56,56,56,56,56,56
-73.9595,28,28,28,28,28,28,28,28,28,28,28,28,28,28
-73.9594,45,45,45,45,45,45,45,45,45,45,45,45,45,45
-73.9593,30,30,30,30,30,30,30,30,30,30,30,30,30,30
-73.9592,67,67,67,67,67,67,67,67,67,67,67,67,67,67
-73.9591,61,61,61,61,61,61,61,61,61,61,61,61,61,61
-73.959,24,24,24,24,24,24,24,24,24,24,24,24,24,24
-73.9589,3,3,3,3,3,3,3,3,3,3,3,3,3,3
-73.9588,7,7,7,7,7,7,7,7,7,7,7,7,7,7
-73.9587,20,20,20,20,20,20,20,20,20,20,20,20,20,20
-73.9586,38,38,38,38,38,38,38,38,38,38,38,38,38,38
-73.9585,81,81,81,81,81,81,81,81,81,81,81,81,81,81
-73.9584,5,5,5,5,5,5,5,5,5,5,5,5,5,5
-73.9583,14,14,14,14,14,14,14,14,14,14,14,14,14,14
-73.9582,10,10,10,10,10,10,10,10,10,10,10,10,10,10
-73.9581,65,65,65,65,65,65,65,65,65,65,65,65,65,65
-73.958,37,37,37,37,37,37,37,37,37,37,37,37,37,37
-73.9579,31,31,31,31,31,31,31,31,31,31,31,31,31,31
-73.9578,192,192,192,192,192,192,192,192,192,192,192,192,192,192
-73.9577,33,33,33,33,33,33,33,33,33,33,33,33,33,33
-73.9576,55,55,55,55,55,55,55,55,55,55,55,55,55,55
-73.9575,21,21,21,21,21,21,21,21,21,21,21,21,21,21
-73.9574,53,53,53,53,53,53,53,53,53,53,53,53,53,53
-73.9573,26,26,26,26,26,26,26,26,26,26,26,26,26,26
-73.9572,88,88,88,88,88,88,88,88,88,88,88,88,88,88
-73.9571,70,70,70,70,70,70,70,70,70,70,70,70,70,70
-73.957,57,57,57,57,57,57,57,57,57,57,57,57,57,57
-73.9569,63,63,63,63,63,63,63,63,63,63,63,63,63,63
-73.9568,50,50,50,50,50,50,50,50,50,50,50,50,50,50
-73.9567,59,59,59,59,59,59,59,59,59,59,59,59,59,59
-73.9566,140,140,140,140,140,140,140,140,140,140,140,140,140,140
-73.9565,55,55,55,55,55,55,55,55,55,55,55,55,55,55
-73.9564,146,146,146,146,146,146,146,146,146,146,146,146,146,146
-73.9563,86,86,86,86,86,86,86,86,86,86,86,86,86,86
-73.9562,27,27,27,27,27,27,27,27,27,27,27,27,27,27
-73.9561,40,40,40,40,40,40,40,40,40,40,40,40,40,40
-73.956,56,56,56,56,56,56,56,56,56,56,56,56,56,56
-73.9559,71,71,71,71,71,71,71,71,71,71,71,71,71,71
-73.9558,45,45,45,45,45,45,45,45,45,45,45,45,45,45
-73.9557,24,24,24,24,24,24,24,24,24,24,24,24,24,24
-73.9556,96,96,96,96,96,96,96,96,96,96,96,96,96,96
-73.9555,35,35,35,35,35,35,35,35,35,35,35,35,35,35
-73.9554,60,60,60,60,60,60,60,60,60,60,60,60,60,60
-73.9553,28,28,28,28,28,28,28,28,28,28,28,28,28,28
-73.9552,40,40,40,40,40,40,40,40,40,40,40,40,40,40
-73.9551,54,54,54,54,54,54,54,54,54,54,54,54,54,54
-73.955,81,81,81,81,81,81,81,81,81,81,81,81,81,81
-73.9549,41,41,41,41,41,41,41,41,41,41,41,41,41,41
-73.9548,99,99,99,99,99,99,99,99,99,99,99,99,99,99
-73.9547,82,82,82,82,82,82,82,82,82,82,82,82,82,82
-73.9546,50,50,50,50,50,50,50,50,50,50,50,50,50,50
-73.9545,76,76,76,76,76,76,76,76,76,76,76,76,76,76
-73.9544,106,106,106,106,106,106,106,106,106,106,106,106,106,106
-73.9543,42,42,42,42,42,42,42,42,42,42,42,42,42,42
-73.9542,40,40,40,40,40,40,40,40,40,40,40,40,40,40
-73.9541,39,39,39,39,39,39,39,39,39,39,39,39,39,39
-73.954,62,62,62,62,62,62,62,62,62,62,62,62,62,62
-73.9539,77,77,77,77,77,77,77,77,77,77,77,77,77,77
-73.9538,50,50,50,50,50,50,50,50,50,50,50,50,50,50
-73.9537,23,23,23,23,23,23,23,23,23,23,23,23,23,23
-73.9536,81,81,81,81,81,81,81,81,81,81,81,81,81,81
-73.9535,89,89,89,89,89,89,89,89,89,89,89,89,89,89
-73.9534,60,60,60,60,60,60,60,60,60,60,60,60,60,60
-73.9533,75,75,75,75,75,75,75,75,75,75,75,75,75,75
-73.9532,109,109,109,109,109,109,109,109,109,109,109,109,109,109
-73.9531,132,132,132,132,132,132,132,132,132,132,132,132,132,132
-73.953,88,88,88,88,88,88,88,88,88,88,88,88,88,88
-73.9529,134,134,134,134,134,134,134,134,134,134,134,134,134,134
-73.9528,178,178,178,178,178,178,178,178,178,178,178,178,178,178
-73.9527,62,62,62,62,62,62,62,62,62,62,62,62,62,62
-73.9526,48,48,48,48,48,48,48,48,48,48,48,48,48,48
-73.9525,83,83,83,83,83,83,83,83,83,83,83,83,83,83
-73.9524,34,34,34,34,34,34,34,34,34,34,34,34,34,34
-73.9523,123,123,123,123,123,123,123,123,123,123,123,123,123,123
-73.9522,59,59,59,59,59,59,59,59,59,59,59,59,59,59
-73.9521,38,38,38,38,38,38,38,38,38,38,38,38,38,38
-73.952,87,87,87,87,87,87,87,87,87,87,87,87,87,87
-73.9519,55,55,55,55,55,55,55,55,55,55,55,55,55,55
-73.9518,90,90,90,90,90,90,90,90,90,90,90,90,90,90
-73.9517,115,115,115,115,115,115,115,115,115,115,115,115,115,115
-73.9516,46,46,46,46,46,46,46,46,46,46,46,46,46,46
-73.9515,113,113,113,113,113,113,113,113,113,113,113,113,113,113
-73.9514,67,67,67,67,67,67,67,67,67,67,67,67,67,67
-73.9513,59,59,59,59,59,59,59,59,59,59,59,59,59,59
-73.9512,124,124,124,124,124,124,124,124,124,124,124,124,124,124
-73.9511,68,68,68,68,68,68,68,68,68,68,68,68,68,68
-73.951,115,115,115,115,115,115,115,115,115,115,115,115,115,115
-73.9509,130,130,130,130,130,130,130,130,130,130,130,130,130,130
-73.9508,106,106,106,106,106,106,106,106,106,106,106,106,106,106
-73.9507,88,88,88,88,88,88,88,88,88,88,88,88,88,88
-73.9506,160,160,160,160,160,160,160,160,160,160,160,160,160,160
-73.9505,85,85,85,85,85,85,85,85,85,85,85,85,85,85
-73.9504,128,128,128,128,128,128,128,128,128,128,128,128,128,128
-73.9503,89,89,89,89,89,89,89,89,89,89,89,89,89,89
-73.9502,66,66,66,66,66,66,66,66,66,66,66,66,66,66
-73.9501,51,51,51,51,51,51,51,51,51,51,51,51,51,51
-73.95,33,33,33,33,33,33,33,33,33,33,33,33,33,33
-73.9499,21,21,21,21,21,21,21,21,21,21,21,21,21,21
-73.9498,91,91,91,91,91,91,91,91,91,91,91,91,91,91
-73.9497,135,135,135,135,135,135,135,135,135,135,135,135,135,135
-73.9496,69,69,69,69,69,69,69,69,69,69,69,69,69,69
-73.9495,65,65,65,65,65,65,65,65,65,65,65,65,65,65
-73.9494,50,50,50,50,50,50,50,50,50,50,50,50,50,50
-73.9493,53,53,53,53,53,53,53,53,53,53,53,53,53,53
-73.9492,53,53,53,53,53,53,53,53,53,53,53,53,53,53
-73.9491,42,42,42,42,42,42,42,42,42,42,42,42,42,42
-73.949,83,83,83,83,83,83,83,83,83,83,83,83,83,83
-73.9489,52,52,52,52,52,52,52,52,52,52,52,52,52,52
-73.9488,90,90,90,90,90,90,90,90,90,90,90,90,90,90
-73.9487,100,100,100,100,100,100,100,100,100,100,100,100,100,100
-73.9486,125,125,125,125,125,125,125,125,125,125,125,125,125,125
-73.9485,93,93,93,93,93,93,93,93,93,93,93,93,93,93
-73.9484,77,77,77,77,77,77,77,77,77,77,77,77,77,77
-73.9483,56,56,56,56,56,56,56,56,56,56,56,56,56,56
-73.9482,94,94,94,94,94,94,94,94,94,94,94,94,94,94
-73.9481,70,70,70,70,70,70,70,70,70,70,70,70,70,70
-73.948,114,114,114,114,114,114,114,114,114,114,114,114,114,114
-73.9479,35,35,35,35,35,35,35,35,35,35,35,35,35,35
-73.9478,123,123,123,123,123,123,123,123,123,123,123,123,123,123
-73.9477,23,23,23,23,23,23,23,23,23,23,23,23,23,23
-73.9476,48,48,48,48,48,48,48,48,48,48,48,48,48,48
-73.9475,112,112,112,112,112,112,112,112,112,112,112,112,112,112
-73.9474,43,43,43,43,43,43,43,43,43,43,43,43,43,43
-73.9473,19,19,19,19,19,19,19,19,19,19,19,19,19,19
-73.9472,50,50,50,50,50,50,50,50,50,50,50,50,50,50
-73.9471,67,67,67,67,67,67,67,67,67,67,67,67,67,67
-73.947,41,41,41,41,41,41,41,41,41,41,41,41,41,41
-73.9469,80,80,80,80,80,80,80,80,80,80,80,80,80,80
-73.9468,8,8,8,8,8,8,8,8,8,8,8,8,8,8
-73.9467,44,44,44,44,44,44,44,44,44,44,44,44,44,44
-73.9466,57,57,57,57,57,57,57,57,57,57,57,57,57,57
-73.9465,42,42,42,42,42,42,42,42,42,42,42,42,42,42
-73.9464,83,83,83,83,83,83,83,83,83,83,83,83,83,83
-73.9463,24,24,24,24,24,24,24,24,24,24,24,24,24,24
-73.9462,37,37,37,37,37,37,37,37,37,37,37,37,37,37
-73.9461,68,68,68,68,68,68,68,68,68,68,68,68,68,68
-73.946,37,37,37,37,37,37,37,37,37,37,37,37,37,37
-73.9459,36,36,36,36,36,36,36,36,36,36,36,36,36,36
-73.9458,53,53,53,53,53,53,53,53,53,53,53,53,53,53
-73.9457,48,48,48,48,48,48,48,48,48,48,48,48,48,48
-73.9456,18,18,18,18,18,18,18,18,18,18,18,18,18,18
-73.9455,36,36,36,36,36,36,36,36,36,36,36,36,36,36
-73.9454,28,28,28,28,28,28,28,28,28,28,28,28,28,28
-73.9453,36,36,36,36,36,36,36,36,36,36,36,36,36,36
-73.9452,37,37,37,37,37,37,37,37,37,37,37,37,37,37
-73.9451,9,9,9,9,9,9,9,9,9,9,9,9,9,9
-73.945,46,46,46,46,46,46,46,46,46,46,46,46,46,46
-73.9449,26,26,26,26,26,26,26,26,26,26,26,26,26,26
-73.9448,14,14,14,14,14,14,14,14,14,14,14,14,14,14
-73.9447,9,9,9,9,9,9,9,9,9,9,9,9,9,9
-73.9446,32,32,32,32,32,32,32,32,32,32,32,32,32,32
-73.9445,54,54,54,54,54,54,54,54,54,54,54,54,54,54
-73.9444,39,39,39,39,39,39,39,39,39,39,39,39,39,39
-73.9443,32,32,32,32,32,32,32,32,32,32,32,32,32,32
-73.9442,9,9,9,9,9,9,9,9,9,9,9,9,9,9
-73.9441,27,27,27,27,27,27,27,27,27,27,27,27,27,27
-73.944,34,34,34,34,34,34,34,34,34,34,34,34,34,34
-73.9439,8,8,8,8,8,8,8,8,8,8,8,8,8,8
-73.9438,48,48,48,48,48,48,48,48,48,48,48,48,48,48
-73.9437,13,13,13,13,13,13,13,13,13,13,13,13,13,13
-73.9436,52,52,52,52,52,52,52,52,52,52,52,52,52,52
-73.9435,25,25,25,25,25,25,25,25,25,25,25,25,25,25
-73.9434,16,16,16,16,16,16,16,16,16,16,16,16,16,16
-73.9433,19,19,19,19,19,19,19,19,19,19,19,19,19,19
-73.9432,5,5,5,5,5,5,5,5,5,5,5,5,5,5
-73.9431,10,10,10,10,10,10,10,10,10,10,10,10,10,10
-73.943,21,21,21,21,21,21,21,21,21,21,21,21,21,21
-73.9429,25,25,25,25,25,25,25,25,25,25,25,25,25,25
-73.9428,17,17,17,17,17,17,17,17,17,17,17,17,17,17
-73.9427,30,30,30,30,30,30,30,30,30,30,30,30,30,30
-73.9426,10,10,10,10,10,10,10,10,10,10,10,10,10,10
-73.9425,103,103,103,103,103,103,103,103,103,103,103,103,103,103
-73.9424,12,12,12,12,12,12,12,12,12,12,12,12,12,12
-73.9423,39,39,39,39,39,39,39,39,39,39,39,39,39,39
-73.9422,8,8,8,8,8,8,8,8,8,8,8,8,8,8
-73.9421,43,43,43,43,43,43,43,43,43,43,43,43,43,43
-73.942,43,43,43,43,43,43,43,43,43,43,43,43,43,43
-73.9419,12,12,12,12,12,12,12,12,12,12,12,12,12,12
-73.9418,24,24,24,24,24,24,24,24,24,24,24,24,24,24
-73.9417,8,8,8,8,8,8,8,8,8,8,8,8,8,8
-73.9416,150,150,150,150,150,150,150,150,150,150,150,150,150,150
-73.9415,57,57,57,57,57,57,57,57,57,57,57,57,57,57
-73.9414,15,15,15,15,15,15,15,15,15,15,15,15,15,15
-73.9413,52,52,52,52,52,52,52,52,52,52,52,52,52,52
-73.9412,16,16,16,16,16,16,16,16,16,16,16,16,16,16
-73.9411,16,16,16,16,16,16,16,16,16,16,16,16,16,16
-73.941,7,7,7,7,7,7,7,7,7,7,7,7,7,7
-73.9409,35,35,35,35,35,35,35,35,35,35,35,35,35,35
-73.9408,39,39,39,39,39,39,39,39,39,39,39,39,39,39
-73.9407,18,18,18,18,18,18,18,18,18,18,18,18,18,18
-73.9406,47,47,47,47,47,47,47,47,47,47,47,47,47,47
-73.9405,34,34,34,34,34,34,34,34,34,34,34,34,34,34
-73.9404,35,35,35,35,35,35,35,35,35,35,35,35,35,35
-73.9403,29,29,29,29,29,29,29,29,29,29,29,29,29,29
-73.9402,34,34,34,34,34,34,34,34,34,34,34,34,34,34
-73.9401,72,72,72,72,72,72,72,72,72,72,72,72,72,72
-73.94,59,59,59,59,59,59,59,59,59,59,59,59,59,59
-73.9399,29,29,29,29,29,29,29,29,29,29,29,29,29,29
-73.9398,29,29,29,29,29,29,29,29,29,29,29,29,29,29
-73.9397,32,32,32,32,32,32,32,32,32,32,32,32,32,32
-73.9396,26,26,26,26,26,26,26,26,26,26,26,26,26,26
-73.9395,17,17,17,17,17,17,17,17,17,17,17,17,17,17
-73.9394,17,17,17,17,17,17,17,17,17,17,17,17,17,17
-73.9393,5,5,5,5,5,5,5,5,5,5,5,5,5,5
-73.9392,52,52,52,52,52,52,52,52,52,52,52,52,52,52
-73.9391,24,24,24,24,24,24,24,24,24,24,24,24,24,24
-73.939,16,16,16,16,16,16,16,16,16,16,16,16,16,16
-73.9389,24,24,24,24,24,24,24,24,24,24,24,24,24,24
-73.9388,12,12,12,12,12,12,12,12,12,12,12,12,12,12
-73.9387,32,32,32,32,32,32,32,32,32,32,32,32,32,32
-73.9386,14,14,14,14,14,14,14,14,14,14,14,14,14,14
-73.9385,10,10,10,10,10,10,10,10,10,10,10,10,10,10
-73.9384,12,12,12,12,12,12,12,12,12,12,12,12,12,12
-73.9383,16,16,16,16,16,16,16,16,16,16,16,16,16,16
-73.9382,14,14,14,14,14,14,14,14,14,14,14,14,14,14
-73.9381,8,8,8,8,8,8,8,8,8,8,8,8,8,8
-73.938,22,22,22,22,22,22,22,22,22,22,22,22,22,22
-73.9379,16,16,16,16,16,16,16,16,16,16,16,16,16,16
-73.9378,15,15,15,15,15,15,15,15,15,15,15,15,15,15
-73.9377,10,10,10,10,10,10,10,10,10,10,10,10,10,10
-73.9376,30,30,30,30,30,30,30,30,30,30,30,30,30,30
-73.9375,10,10,10,10,10,10,10,10,10,10,10,10,10,10
-73.9374,10,10,10,10,10,10,10,10,10,10,10,10,10,10
-73.9373,7,7,7,7,7,7,7,7,7,7,7,7,7,7
-73.9372,16,16,16,16,16,16,16,16,16,16,16,16,16,16
-73.9371,3,3,3,3,3,3,3,3,3,3,3,3,3,3
-73.937,8,8,8,8,8,8,8,8,8,8,8,8,8,8
-73.9369,5,5,5,5,5,5,5,5,5,5,5,5,5,5
-73.9368,28,28,28,28,28,28,28,28,28,28,28,28,28,28
-73.9367,6,6,6,6,6,6,6,6,6,6,6,6,6,6
-73.9366,11,11,11,11,11,11,11,11,11,11,11,11,11,11
-73.9365,7,7,7,7,7,7,7,7,7,7,7,7,7,7
-73.9364,3,3,3,3,3,3,3,3,3,3,3,3,3,3
-73.9363,14,14,14,14,14,14,14,14,14,14,14,14,14,14
-73.9362,16,16,16,16,16,16,16,16,16,16,16,16,16,16
-73.9361,13,13,13,13,13,13,13,13,13,13,13,13,13,13
-73.936,11,11,11,11,11,11,11,11,11,11,11,11,11,11
-73.9359,9,9,9,9,9,9,9,9,9,9,9,9,9,9
-73.9358,17,17,17,17,17,17,17,17,17,17,17,17,17,17
-73.9357,13,13,13,13,13,13,13,13,13,13,13,13,13,13
-73.9356,8,8,8,8,8,8,8,8,8,8,8,8,8,8
-73.9355,9,9,9,9,9,9,9,9,9,9,9,9,9,9
-73.9354,15,15,15,15,15,15,15,15,15,15,15,15,15,15
-73.9353,19,19,19,19,19,19,19,19,19,19,19,19,19,19
-73.9352,3,3,3,3,3,3,3,3,3,3,3,3,3,3
-73.9351,4,4,4,4,4,4,4,4,4,4,4,4,4,4
-73.935,6,6,6,6,6,6,6,6,6,6,6,6,6,6
-73.9349,13,13,13,13,13,13,13,13,13,13,13,13,13,13
-73.9348,3,3,3,3,3,3,3,3,3,3,3,3,3,3
-73.9347,8,8,8,8,8,8,8,8,8,8,8,8,8,8
-73.9346,10,10,10,10,10,10,10,10,10,10,10,10,10,10
-73.9345,3,3,3,3,3,3,3,3,3,3,3,3,3,3
-73.9344,11,11,11,11,11,11,11,11,11,11,11,11,11,11
-73.9343,2,2,2,2,2,2,2,2,2,2,2,2,2,2
-73.9342,5,5,5,5,5,5,5,5,5,5,5,5,5,5
-73.9341,8,8,8,8,8,8,8,8,8,8,8,8,8,8
-73.934,13,13,13,13,13,13,13,13,13,13,13,13,13,13
-73.9339,9,9,9,9,9,9,9,9,9,9,9,9,9,9
-73.9338,6,6,6,6,6,6,6,6,6,6,6,6,6,6
-73.9337,5,5,5,5,5,5,5,5,5,5,5,5,5,5
-73.9336,7,7,7,7,7,7,7,7,7,7,7,7,7,7
-73.9335,2,2,2,2,2,2,2,2,2,2,2,2,2,2
-73.9334,2,2,2,2,2,2,2,2,2,2,2,2,2,2
-73.9333,12,12,12,12,12,12,12,12,12,12,12,12,12,12
-73.9332,4,4,4,4,4,4,4,4,4,4,4,4,4,4
-73.9331,2,2,2,2,2,2,2,2,2,2,2,2,2,2
-73.933,1,1,1,1,1,1,1,1,1,1,1,1,1,1
-73.9329,3,3,3,3,3,3,3,3,3,3,3,3,3,3
-73.9328,6,6,6,6,6,6,6,6,6,6,6,6,6,6
-73.9327,8,8,8,8,8,8,8,8,8,8,8,8,8,8
-73.9326,11,11,11,11,11,11,11,11,11,11,11,11,11,11
-73.9325,7,7,7,7,7,7,7,7,7,7,7,7,7,7
-73.9324,7,7,7,7,7,7,7,7,7,7,7,7,7,7
-73.9323,2,2,2,2,2,2,2,2,2,2,2,2,2,2
-73.9322,3,3,3,3,3,3,3,3,3,3,3,3,3,3
-73.9321,6,6,6,6,6,6,6,6,6,6,6,6,6,6
-73.932,2,2,2,2,2,2,2,2,2,2,2,2,2,2
-73.9319,1,1,1,1,1,1,1,1,1,1,1,1,1,1
-73.9318,13,13,13,13,13,13,13,13,13,13,13,13,13,13
-73.9317,8,8,8,8,8,8,8,8,8,8,8,8,8,8
-73.9316,3,3,3,3,3,3,3,3,3,3,3,3,3,3
-73.9315,13,13,13,13,13,13,13,13,13,13,13,13,13,13
-73.9314,6,6,6,6,6,6,6,6,6,6,6,6,6,6
-73.9312,10,10,10,10,10,10,10,10,10,10,10,10,10,10
-73.9311,5,5,5,5,5,5,5,5,5,5,5,5,5,5
-73.931,12,12,12,12,12,12,12,12,12,12,12,12,12,12
-73.9309,4,4,4,4,4,4,4,4,4,4,4,4,4,4
-73.9308,5,5,5,5,5,5,5,5,5,5,5,5,5,5
-73.9307,7,7,7,7,7,7,7,7,7,7,7,7,7,7
-73.9306,19,19,19,19,19,19,19,19,19,19,19,19,19,19
-73.9305,6,6,6,6,6,6,6,6,6,6,6,6,6,6
-73.9304,1,1,1,1,1,1,1,1,1,1,1,1,1,1
-73.9303,12,12,12,12,12,12,12,12,12,12,12,12,12,12
-73.9302,8,8,8,8,8,8,8,8,8,8,8,8,8,8
-73.9301,9,9,9,9,9,9,9,9,9,9,9,9,9,9
-73.93,8,8,8,8,8,8,8,8,8,8,8,8,8,8
-73.9299,8,8,8,8,8,8,8,8,8,8,8,8,8,8
-73.9298,7,7,7,7,7,7,7,7,7,7,7,7,7,7
-73.9297,11,11,11,11,11,11,11,11,11,11,11,11,11,11
-73.9296,3,3,3,3,3,3,3,3,3,3,3,3,3,3
-73.9295,9,9,9,9,9,9,9,9,9,9,9,9,9,9
-73.9294,4,4,4,4,4,4,4,4,4,4,4,4,4,4
-73.9293,3,3,3,3,3,3,3,3,3,3,3,3,3,3
-73.9292,2,2,2,2,2,2,2,2,2,2,2,2,2,2
-73.9291,3,3,3,3,3,3,3,3,3,3,3,3,3,3
-73.929,20,20,20,20,20,20,20,20,20,20,20,20,20,20
-73.9289,11,11,11,11,11,11,11,11,11,11,11,11,11,11
-73.9288,9,9,9,9,9,9,9,9,9,9,9,9,9,9
-73.9287,2,2,2,2,2,2,2,2,2,2,2,2,2,2
-73.9286,12,12,12,12,12,12,12,12,12,12,12,12,12,12
-73.9285,3,3,3,3,3,3,3,3,3,3,3,3,3,3
-73.9284,3,3,3,3,3,3,3,3,3,3,3,3,3,3
-73.9283,12,12,12,12,12,12,12,12,12,12,12,12,12,12
-73.9282,13,13,13,13,13,13,13,13,13,13,13,13,13,13
-73.9281,4,4,4,4,4,4,4,4,4,4,4,4,4,4
-73.928,5,5,5,5,5,5,5,5,5,5,5,5,5,5
-73.9279,10,10,10,10,10,10,10,10,10,10,10,10,10,10
-73.9278,11,11,11,11,11,11,11,11,11,11,11,11,11,11
-73.9277,9,9,9,9,9,9,9,9,9,9,9,9,9,9
-73.9276,3,3,3,3,3,3,3,3,3,3,3,3,3,3
-73.9275,5,5,5,5,5,5,5,5,5,5,5,5,5,5
-73.9274,10,10,10,10,10,10,10,10,10,10,10,10,10,10
-73.9273,1,1,1,1,1,1,1,1,1,1,1,1,1,1
-73.9272,11,11,11,11,11,11,11,11,11,11,11,11,11,11
-73.9271,5,5,5,5,5,5,5,5,5,5,5,5,5,5
-73.927,4,4,4,4,4,4,4,4,4,4,4,4,4,4
-73.9269,6,6,6,6,6,6,6,6,6,6,6,6,6,6
-73.9268,12,12,12,12,12,12,12,12,12,12,12,12,12,12
-73.9267,3,3,3,3,3,3,3,3,3,3,3,3,3,3
-73.9266,12,12,12,12,12,12,12,12,12,12,12,12,12,12
-73.9265,2,2,2,2,2,2,2,2,2,2,2,2,2,2
-73.9264,6,6,6,6,6,6,6,6,6,6,6,6,6,6
-73.9263,5,5,5,5,5,5,5,5,5,5,5,5,5,5
-73.9262,11,11,11,11,11,11,11,11,11,11,11,11,11,11
-73.9261,15,15,15,15,15,15,15,15,15,15,15,15,15,15
-73.926,24,24,24,24,24,24,24,24,24,24,24,24,24,24
-73.9259,11,11,11,11,11,11,11,11,11,11,11,11,11,11
-73.9258,17,17,17,17,17,17,17,17,17,17,17,17,17,17
-73.9257,5,5,5,5,5,5,5,5,5,5,5,5,5,5
-73.9256,15,15,15,15,15,15,15,15,15,15,15,15,15,15
-73.9255,14,14,14,14,14,14,14,14,14,14,14,14,14,14
-73.9254,2,2,2,2,2,2,2,2,2,2,2,2,2,2
-73.9253,19,19,19,19,19,19,19,19,19,19,19,19,19,19
-73.9252,3,3,3,3,3,3,3,3,3,3,3,3,3,3
-73.9251,10,10,10,10,10,10,10,10,10,10,10,10,10,10
-73.925,3,3,3,3,3,3,3,3,3,3,3,3,3,3
-73.9249,16,16,16,16,16,16,16,16,16,16,16,16,16,16
-73.9248,13,13,13,13,13,13,13,13,13,13,13,13,13,13
-73.9247,6,6,6,6,6,6,6,6,6,6,6,6,6,6
-73.9246,11,11,11,11,11,11,11,11,11,11,11,11,11,11
-73.9245,10,10,10,10,10,10,10,10,10,10,10,10,10,10
-73.9244,1,1,1,1,1,1,1,1,1,1,1,1,1,1
-73.9243,7,7,7,7,7,7,7,7,7,7,7,7,7,7
-73.9242,5,5,5,5,5,5,5,5,5,5,5,5,5,5
-73.9241,14,14,14,14,14,14,14,14,14,14,14,14,14,14
-73.924,10,10,10,10,10,10,10,10,10,10,10,10,10,10
-73.9239,16,16,16,16,16,16,16,16,16,16,16,16,16,16
-73.9238,20,20,20,20,20,20,20,20,20,20,20,20,20,20
-73.9237,2,2,2,2,2,2,2,2,2,2,2,2,2,2
-73.9236,4,4,4,4,4,4,4,4,4,4,4,4,4,4
-73.9235,4,4,4,4,4,4,4,4,4,4,4,4,4,4
-73.9234,6,6,6,6,6,6,6,6,6,6,6,6,6,6
-73.9233,7,7,7,7,7,7,7,7,7,7,7,7,7,7
-73.9232,6,6,6,6,6,6,6,6,6,6,6,6,6,6
-73.9231,9,9,9,9,9,9,9,9,9,9,9,9,9,9
-73.923,10,10,10,10,10,10,10,10,10,10,10,10,10,10
-73.9229,3,3,3,3,3,3,3,3,3,3,3,3,3,3
-73.9228,5,5,5,5,5,5,5,5,5,5,5,5,5,5
-73.9227,11,11,11,11,11,11,11,11,11,11,11,11,11,11
-73.9226,24,24,24,24,24,24,24,24,24,24,24,24,24,24
-73.9225,20,20,20,20,20,20,20,20,20,20,20,20,20,20
-73.9224,3,3,3,3,3,3,3,3,3,3,3,3,3,3
-73.9223,10,10,10,10,10,10,10,10,10,10,10,10,10,10
-73.9222,6,6,6,6,6,6,6,6,6,6,6,6,6,6
-73.9221,12,12,12,12,12,12,12,12,12,12,12,12,12,12
-73.922,8,8,8,8,8,8,8,8,8,8,8,8,8,8
-73.9219,4,4,4,4,4,4,4,4,4,4,4,4,4,4
-73.9218,5,5,5,5,5,5,5,5,5,5,5,5,5,5
-73.9217,28,28,28,28,28,28,28,28,28,28,28,28,28,28
-73.9216,65,65,65,65,65,65,65,65,65,65,65,65,65,65
-73.9215,3,3,3,3,3,3,3,3,3,3,3,3,3,3
-73.9214,7,7,7,7,7,7,7,7,7,7,7,7,7,7
-73.9213,10,10,10,10,10,10,10,10,10,10,10,10,10,10
-73.9212,4,4,4,4,4,4,4,4,4,4,4,4,4,4
-73.9211,5,5,5,5,5,5,5,5,5,5,5,5,5,5
-73.921,1,1,1,1,1,1,1,1,1,1,1,1,1,1
-73.9209,7,7,7,7,7,7,7,7,7,7,7,7,7,7
-73.9208,12,12,12,12,12,12,12,12,12,12,12,12,12,12
-73.9207,1,1,1,1,1,1,1,1,1,1,1,1,1,1
-73.9206,10,10,10,10,10,10,10,10,10,10,10,10,10,10
-73.9205,16,16,16,16,16,16,16,16,16,16,16,16,16,16
-73.9204,8,8,8,8,8,8,8,8,8,8,8,8,8,8
-73.9203,7,7,7,7,7,7,7,7,7,7,7,7,7,7
-73.9202,9,9,9,9,9,9,9,9,9,9,9,9,9,9
-73.9201,10,10,10,10,10,10,10,10,10,10,10,10,10,10
-73.92,8,8,8,8,8,8,8,8,8,8,8,8,8,8
-73.9199,9,9,9,9,9,9,9,9,9,9,9,9,9,9
-73.9198,26,26,26,26,26,26,26,26,26,26,26,26,26,26
-73.9197,3,3,3,3,3,3,3,3,3,3,3,3,3,3
-73.9196,8,8,8,8,8,8,8,8,8,8,8,8,8,8
-73.9195,2,2,2,2,2,2,2,2,2,2,2,2,2,2
-73.9194,12,12,12,12,12,12,12,12,12,12,12,12,12,12
-73.9193,7,7,7,7,7,7,7,7,7,7,7,7,7,7
-73.9192,4,4,4,4,4,4,4,4,4,4,4,4,4,4
-73.9191,1,1,1,1,1,1,1,1,1,1,1,1,1,1
-73.919,10,10,10,10,10,10,10,10,10,10,10,10,10,10
-73.9188,11,11,11,11,11,11,11,11,11,11,11,11,11,11
-73.9187,3,3,3,3,3,3,3,3,3,3,3,3,3,3
-73.9186,11,11,11,11,11,11,11,11,11,11,11,11,11,11
-73.9185,16,16,16,16,16,16,16,16,16,16,16,16,16,16
-73.9184,2,2,2,2,2,2,2,2,2,2,2,2,2,2
-73.9183,3,3,3,3,3,3,3,3,3,3,3,3,3,3
-73.9182,15,15,15,15,15,15,15,15,15,15,15,15,15,15
-73.9181,3,3,3,3,3,3,3,3,3,3,3,3,3,3
-73.918,5,5,5,5,5,5,5,5,5,5,5,5,5,5
-73.9178,7,7,7,7,7,7,7,7,7,7,7,7,7,7
-73.9177,7,7,7,7,7,7,7,7,7,7,7,7,7,7
-73.9176,1,1,1,1,1,1,1,1,1,1,1,1,1,1
-73.9175,20,20,20,20,20,20,20,20,20,20,20,20,20,20
-73.9174,10,10,10,10,10,10,10,10,10,10,10,10,10,10
-73.9173,5,5,5,5,5,5,5,5,5,5,5,5,5,5
-73.9172,13,13,13,13,13,13,13,13,13,13,13,13,13,13
-73.9171,5,5,5,5,5,5,5,5,5,5,5,5,5,5
-73.917,7,7,7,7,7,7,7,7,7,7,7,7,7,7
-73.9169,6,6,6,6,6,6,6,6,6,6,6,6,6,6
-73.9168,9,9,9,9,9,9,9,9,9,9,9,9,9,9
-73.9167,7,7,7,7,7,7,7,7,7,7,7,7,7,7
-73.9166,6,6,6,6,6,6,6,6,6,6,6,6,6,6
-73.9164,17,17,17,17,17,17,17,17,17,17,17,17,17,17
-73.9163,5,5,5,5,5,5,5,5,5,5,5,5,5,5
-73.9162,4,4,4,4,4,4,4,4,4,4,4,4,4,4
-73.9161,1,1,1,1,1,1,1,1,1,1,1,1,1,1
-73.916,3,3,3,3,3,3,3,3,3,3,3,3,3,3
-73.9159,2,2,2,2,2,2,2,2,2,2,2,2,2,2
-73.9158,4,4,4,4,4,4,4,4,4,4,4,4,4,4
-73.9157,7,7,7,7,7,7,7,7,7,7,7,7,7,7
-73.9156,3,3,3,3,3,3,3,3,3,3,3,3,3,3
-73.9155,3,3,3,3,3,3,3,3,3,3,3,3,3,3
-73.9154,1,1,1,1,1,1,1,1,1,1,1,1,1,1
-73.9153,1,1,1,1,1,1,1,1,1,1,1,1,1,1
-73.9152,4,4,4,4,4,4,4,4,4,4,4,4,4,4
-73.9151,15,15,15,15,15,15,15,15,15,15,15,15,15,15
-73.915,4,4,4,4,4,4,4,4,4,4,4,4,4,4
-73.9149,4,4,4,4,4,4,4,4,4,4,4,4,4,4
-73.9148,11,11,11,11,11,11,11,11,11,11,11,11,11,11
-73.9147,4,4,4,4,4,4,4,4,4,4,4,4,4,4
-73.91460000000001,11,11,11,11,11,11,11,11,11,11,11,11,11,11
-73.9145,8,8,8,8,8,8,8,8,8,8,8,8,8,8
-73.9144,26,26,26,26,26,26,26,26,26,26,26,26,26,26
-73.9143,14,14,14,14,14,14,14,14,14,14,14,14,14,14
-73.9142,3,3,3,3,3,3,3,3,3,3,3,3,3,3
-73.9141,1,1,1,1,1,1,1,1,1,1,1,1,1,1
-73.914,4,4,4,4,4,4,4,4,4,4,4,4,4,4
-73.9138,6,6,6,6,6,6,6,6,6,6,6,6,6,6
-73.9137,1,1,1,1,1,1,1,1,1,1,1,1,1,1
-73.9136,3,3,3,3,3,3,3,3,3,3,3,3,3,3
-73.9135,1,1,1,1,1,1,1,1,1,1,1,1,1,1
-73.9134,8,8,8,8,8,8,8,8,8,8,8,8,8,8
-73.9133,5,5,5,5,5,5,5,5,5,5,5,5,5,5
-73.9132,7,7,7,7,7,7,7,7,7,7,7,7,7,7
-73.9131,3,3,3,3,3,3,3,3,3,3,3,3,3,3
-73.913,16,16,16,16,16,16,16,16,16,16,16,16,16,16
-73.9129,8,8,8,8,8,8,8,8,8,8,8,8,8,8
-73.9128,4,4,4,4,4,4,4,4,4,4,4,4,4,4
-73.9127,2,2,2,2,2,2,2,2,2,2,2,2,2,2
-73.9126,12,12,12,12,12,12,12,12,12,12,12,12,12,12
-73.9125,5,5,5,5,5,5,5,5,5,5,5,5,5,5
-73.9124,3,3,3,3,3,3,3,3,3,3,3,3,3,3
-73.9123,3,3,3,3,3,3,3,3,3,3,3,3,3,3
-73.9121,3,3,3,3,3,3,3,3,3,3,3,3,3,3
-73.912,6,6,6,6,6,6,6,6,6,6,6,6,6,6
-73.9119,1,1,1,1,1,1,1,1,1,1,1,1,1,1
-73.9118,7,7,7,7,7,7,7,7,7,7,7,7,7,7
-73.9117,8,8,8,8,8,8,8,8,8,8,8,8,8,8
-73.9116,3,3,3,3,3,3,3,3,3,3,3,3,3,3
-73.9115,1,1,1,1,1,1,1,1,1,1,1,1,1,1
-73.9114,2,2,2,2,2,2,2,2,2,2,2,2,2,2
-73.9113,2,2,2,2,2,2,2,2,2,2,2,2,2,2
-73.9112,6,6,6,6,6,6,6,6,6,6,6,6,6,6
-73.9111,5,5,5,5,5,5,5,5,5,5,5,5,5,5
-73.911,1,1,1,1,1,1,1,1,1,1,1,1,1,1
-73.9109,5,5,5,5,5,5,5,5,5,5,5,5,5,5
-73.9108,1,1,1,1,1,1,1,1,1,1,1,1,1,1
-73.9107,4,4,4,4,4,4,4,4,4,4,4,4,4,4
-73.9106,1,1,1,1,1,1,1,1,1,1,1,1,1,1
-73.9105,3,3,3,3,3,3,3,3,3,3,3,3,3,3
-73.9104,6,6,6,6,6,6,6,6,6,6,6,6,6,6
-73.9103,2,2,2,2,2,2,2,2,2,2,2,2,2,2
-73.9102,3,3,3,3,3,3,3,3,3,3,3,3,3,3
-73.9101,5,5,5,5,5,5,5,5,5,5,5,5,5,5
-73.9099,4,4,4,4,4,4,4,4,4,4,4,4,4,4
-73.9098,5,5,5,5,5,5,5,5,5,5,5,5,5,5
-73.9097,1,1,1,1,1,1,1,1,1,1,1,1,1,1
-73.9095,5,5,5,5,5,5,5,5,5,5,5,5,5,5
-73.9093,2,2,2,2,2,2,2,2,2,2,2,2,2,2
-73.9092,10,10,10,10,10,10,10,10,10,10,10,10,10,10
-73.909,3,3,3,3,3,3,3,3,3,3,3,3,3,3
-73.9089,2,2,2,2,2,2,2,2,2,2,2,2,2,2
-73.9088,6,6,6,6,6,6,6,6,6,6,6,6,6,6
-73.9087,4,4,4,4,4,4,4,4,4,4,4,4,4,4
-73.9086,9,9,9,9,9,9,9,9,9,9,9,9,9,9
-73.9085,7,7,7,7,7,7,7,7,7,7,7,7,7,7
-73.9084,3,3,3,3,3,3,3,3,3,3,3,3,3,3
-73.9083,3,3,3,3,3,3,3,3,3,3,3,3,3,3
-73.9082,4,4,4,4,4,4,4,4,4,4,4,4,4,4
-73.9081,7,7,7,7,7,7,7,7,7,7,7,7,7,7
-73.908,3,3,3,3,3,3,3,3,3,3,3,3,3,3
-73.9079,6,6,6,6,6,6,6,6,6,6,6,6,6,6
-73.9077,6,6,6,6,6,6,6,6,6,6,6,6,6,6
-73.9076,4,4,4,4,4,4,4,4,4,4,4,4,4,4
-73.9075,2,2,2,2,2,2,2,2,2,2,2,2,2,2
-73.9074,4,4,4,4,4,4,4,4,4,4,4,4,4,4
-73.9073,1,1,1,1,1,1,1,1,1,1,1,1,1,1
-73.9072,3,3,3,3,3,3,3,3,3,3,3,3,3,3
-73.9071,1,1,1,1,1,1,1,1,1,1,1,1,1,1
-73.907,3,3,3,3,3,3,3,3,3,3,3,3,3,3
-73.9069,9,9,9,9,9,9,9,9,9,9,9,9,9,9
-73.9068,2,2,2,2,2,2,2,2,2,2,2,2,2,2
-73.9067,7,7,7,7,7,7,7,7,7,7,7,7,7,7
-73.9066,5,5,5,5,5,5,5,5,5,5,5,5,5,5
-73.9065,2,2,2,2,2,2,2,2,2,2,2,2,2,2
-73.9064,2,2,2,2,2,2,2,2,2,2,2,2,2,2
-73.9063,3,3,3,3,3,3,3,3,3,3,3,3,3,3
-73.9062,3,3,3,3,3,3,3,3,3,3,3,3,3,3
-73.9061,12,12,12,12,12,12,12,12,12,12,12,12,12,12
-73.906,5,5,5,5,5,5,5,5,5,5,5,5,5,5
-73.9059,1,1,1,1,1,1,1,1,1,1,1,1,1,1
-73.9057,1,1,1,1,1,1,1,1,1,1,1,1,1,1
-73.9056,1,1,1,1,1,1,1,1,1,1,1,1,1,1
-73.9055,4,4,4,4,4,4,4,4,4,4,4,4,4,4
-73.9054,5,5,5,5,5,5,5,5,5,5,5,5,5,5
-73.9053,2,2,2,2,2,2,2,2,2,2,2,2,2,2
-73.9052,2,2,2,2,2,2,2,2,2,2,2,2,2,2
-73.905,6,6,6,6,6,6,6,6,6,6,6,6,6,6
-73.9049,4,4,4,4,4,4,4,4,4,4,4,4,4,4
-73.9047,1,1,1,1,1,1,1,1,1,1,1,1,1,1
-73.9045,1,1,1,1,1,1,1,1,1,1,1,1,1,1
-73.9044,5,5,5,5,5,5,5,5,5,5,5,5,5,5
-73.9043,2,2,2,2,2,2,2,2,2,2,2,2,2,2
-73.9042,1,1,1,1,1,1,1,1,1,1,1,1,1,1
-73.904,8,8,8,8,8,8,8,8,8,8,8,8,8,8
-73.9039,2,2,2,2,2,2,2,2,2,2,2,2,2,2
-73.9037,1,1,1,1,1,1,1,1,1,1,1,1,1,1
-73.9036,1,1,1,1,1,1,1,1,1,1,1,1,1,1
-73.9035,2,2,2,2,2,2,2,2,2,2,2,2,2,2
-73.9034,1,1,1,1,1,1,1,1,1,1,1,1,1,1
-73.9032,1,1,1,1,1,1,1,1,1,1,1,1,1,1
-73.903,5,5,5,5,5,5,5,5,5,5,5,5,5,5
-73.9029,3,3,3,3,3,3,3,3,3,3,3,3,3,3
-73.9028,1,1,1,1,1,1,1,1,1,1,1,1,1,1
-73.9027,5,5,5,5,5,5,5,5,5,5,5,5,5,5
-73.9026,5,5,5,5,5,5,5,5,5,5,5,5,5,5
-73.9025,1,1,1,1,1,1,1,1,1,1,1,1,1,1
-73.9024,2,2,2,2,2,2,2,2,2,2,2,2,2,2
-73.9022,3,3,3,3,3,3,3,3,3,3,3,3,3,3
-73.902,1,1,1,1,1,1,1,1,1,1,1,1,1,1
-73.9019,2,2,2,2,2,2,2,2,2,2,2,2,2,2
-73.9016,2,2,2,2,2,2,2,2,2,2,2,2,2,2
-73.90090000000001,1,1,1,1,1,1,1,1,1,1,1,1,1,1
-73.9007,1,1,1,1,1,1,1,1,1,1,1,1,1,1
-73.9006,1,1,1,1,1,1,1,1,1,1,1,1,1,1
-73.9002,1,1,1,1,1,1,1,1,1,1,1,1,1,1
-73.9,1,1,1,1,1,1,1,1,1,1,1,1,1,1
-73.8999,1,1,1,1,1,1,1,1,1,1,1,1,1,1
-73.8998,4,4,4,4,4,4,4,4,4,4,4,4,4,4
-73.8996,2,2,2,2,2,2,2,2,2,2,2,2,2,2
-73.8995,1,1,1,1,1,1,1,1,1,1,1,1,1,1
-73.8994,1,1,1,1,1,1,1,1,1,1,1,1,1,1
-73.8992,2,2,2,2,2,2,2,2,2,2,2,2,2,2
-73.899,3,3,3,3,3,3,3,3,3,3,3,3,3,3
-73.8989,1,1,1,1,1,1,1,1,1,1,1,1,1,1
-73.8987,2,2,2,2,2,2,2,2,2,2,2,2,2,2
-73.8986,3,3,3,3,3,3,3,3,3,3,3,3,3,3
-73.898,2,2,2,2,2,2,2,2,2,2,2,2,2,2
-73.8979,1,1,1,1,1,1,1,1,1,1,1,1,1,1
-73.8976,2,2,2,2,2,2,2,2,2,2,2,2,2,2
-73.8975,2,2,2,2,2,2,2,2,2,2,2,2,2,2
-73.8974,5,5,5,5,5,5,5,5,5,5,5,5,5,5
-73.8972,2,2,2,2,2,2,2,2,2,2,2,2,2,2
-73.8971,2,2,2,2,2,2,2,2,2,2,2,2,2,2
-73.897,2,2,2,2,2,2,2,2,2,2,2,2,2,2
-73.8969,3,3,3,3,3,3,3,3,3,3,3,3,3,3
-73.8968,2,2,2,2,2,2,2,2,2,2,2,2,2,2
-73.8967,1,1,1,1,1,1,1,1,1,1,1,1,1,1
-73.8966,1,1,1,1,1,1,1,1,1,1,1,1,1,1
-73.8964,1,1,1,1,1,1,1,1,1,1,1,1,1,1
-73.8963,1,1,1,1,1,1,1,1,1,1,1,1,1,1
-73.8961,1,1,1,1,1,1,1,1,1,1,1,1,1,1
-73.896,1,1,1,1,1,1,1,1,1,1,1,1,1,1
-73.8957,1,1,1,1,1,1,1,1,1,1,1,1,1,1
-73.8956,1,1,1,1,1,1,1,1,1,1,1,1,1,1
-73.8955,1,1,1,1,1,1,1,1,1,1,1,1,1,1
-73.8952,4,4,4,4,4,4,4,4,4,4,4,4,4,4
-73.895,2,2,2,2,2,2,2,2,2,2,2,2,2,2
-73.8944,1,1,1,1,1,1,1,1,1,1,1,1,1,1
-73.8943,2,2,2,2,2,2,2,2,2,2,2,2,2,2
-73.8937,2,2,2,2,2,2,2,2,2,2,2,2,2,2
-73.8933,1,1,1,1,1,1,1,1,1,1,1,1,1,1
-73.8929,1,1,1,1,1,1,1,1,1,1,1,1,1,1
-73.8928,3,3,3,3,3,3,3,3,3,3,3,3,3,3
-73.8927,5,5,5,5,5,5,5,5,5,5,5,5,5,5
-73.8926,1,1,1,1,1,1,1,1,1,1,1,1,1,1
-73.8925,16,16,16,16,16,16,16,16,16,16,16,16,16,16
-73.8924,1,1,1,1,1,1,1,1,1,1,1,1,1,1
-73.8922,2,2,2,2,2,2,2,2,2,2,2,2,2,2
-73.8921,1,1,1,1,1,1,1,1,1,1,1,1,1,1
-73.892,2,2,2,2,2,2,2,2,2,2,2,2,2,2
-73.8919,1,1,1,1,1,1,1,1,1,1,1,1,1,1
-73.8918,1,1,1,1,1,1,1,1,1,1,1,1,1,1
-73.8916,1,1,1,1,1,1,1,1,1,1,1,1,1,1
-73.8914,1,1,1,1,1,1,1,1,1,1,1,1,1,1
-73.8913,1,1,1,1,1,1,1,1,1,1,1,1,1,1
-73.8912,1,1,1,1,1,1,1,1,1,1,1,1,1,1
-73.8911,1,1,1,1,1,1,1,1,1,1,1,1,1,1
-73.891,2,2,2,2,2,2,2,2,2,2,2,2,2,2
-73.8909,2,2,2,2,2,2,2,2,2,2,2,2,2,2
-73.8907,2,2,2,2,2,2,2,2,2,2,2,2,2,2
-73.8906,1,1,1,1,1,1,1,1,1,1,1,1,1,1
-73.8904,2,2,2,2,2,2,2,2,2,2,2,2,2,2
-73.8903,1,1,1,1,1,1,1,1,1,1,1,1,1,1
-73.8902,1,1,1,1,1,1,1,1,1,1,1,1,1,1
-73.8901,4,4,4,4,4,4,4,4,4,4,4,4,4,4
-73.8899,1,1,1,1,1,1,1,1,1,1,1,1,1,1
-73.8897,2,2,2,2,2,2,2,2,2,2,2,2,2,2
-73.8895,1,1,1,1,1,1,1,1,1,1,1,1,1,1
-73.8892,1,1,1,1,1,1,1,1,1,1,1,1,1,1
-73.8889,1,1,1,1,1,1,1,1,1,1,1,1,1,1
-73.8886,1,1,1,1,1,1,1,1,1,1,1,1,1,1
-73.8885,6,6,6,6,6,6,6,6,6,6,6,6,6,6
-73.8877,1,1,1,1,1,1,1,1,1,1,1,1,1,1
-73.8876,1,1,1,1,1,1,1,1,1,1,1,1,1,1
-73.8874,1,1,1,1,1,1,1,1,1,1,1,1,1,1
-73.8872,1,1,1,1,1,1,1,1,1,1,1,1,1,1
-73.8871,2,2,2,2,2,2,2,2,2,2,2,2,2,2
-73.8868,1,1,1,1,1,1,1,1,1,1,1,1,1,1
-73.886,5,5,5,5,5,5,5,5,5,5,5,5,5,5
-73.8859,1,1,1,1,1,1,1,1,1,1,1,1,1,1
-73.8858,2,2,2,2,2,2,2,2,2,2,2,2,2,2
-73.8857,1,1,1,1,1,1,1,1,1,1,1,1,1,1
-73.8855,1,1,1,1,1,1,1,1,1,1,1,1,1,1
-73.8854,1,1,1,1,1,1,1,1,1,1,1,1,1,1
-73.8853,6,6,6,6,6,6,6,6,6,6,6,6,6,6
-73.8852,4,4,4,4,4,4,4,4,4,4,4,4,4,4
-73.8851,1,1,1,1,1,1,1,1,1,1,1,1,1,1
-73.885,1,1,1,1,1,1,1,1,1,1,1,1,1,1
-73.8848,6,6,6,6,6,6,6,6,6,6,6,6,6,6
-73.8845,3,3,3,3,3,3,3,3,3,3,3,3,3,3
-73.8839,1,1,1,1,1,1,1,1,1,1,1,1,1,1
-73.8838,1,1,1,1,1,1,1,1,1,1,1,1,1,1
-73.8836,17,17,17,17,17,17,17,17,17,17,17,17,17,17
-73.8833,4,4,4,4,4,4,4,4,4,4,4,4,4,4
-73.8832,5,5,5,5,5,5,5,5,5,5,5,5,5,5
-73.883,2,2,2,2,2,2,2,2,2,2,2,2,2,2
-73.8827,1,1,1,1,1,1,1,1,1,1,1,1,1,1
-73.8826,1,1,1,1,1,1,1,1,1,1,1,1,1,1
-73.8824,5,5,5,5,5,5,5,5,5,5,5,5,5,5
-73.8823,1,1,1,1,1,1,1,1,1,1,1,1,1,1
-73.8821,1,1,1,1,1,1,1,1,1,1,1,1,1,1
-73.8819,2,2,2,2,2,2,2,2,2,2,2,2,2,2
-73.8816,1,1,1,1,1,1,1,1,1,1,1,1,1,1
-73.8815,2,2,2,2,2,2,2,2,2,2,2,2,2,2
-73.8811,2,2,2,2,2,2,2,2,2,2,2,2,2,2
-73.8806,3,3,3,3,3,3,3,3,3,3,3,3,3,3
-73.8803,4,4,4,4,4,4,4,4,4,4,4,4,4,4
-73.8802,2,2,2,2,2,2,2,2,2,2,2,2,2,2
-73.8801,3,3,3,3,3,3,3,3,3,3,3,3,3,3
-73.88,1,1,1,1,1,1,1,1,1,1,1,1,1,1
-73.8799,1,1,1,1,1,1,1,1,1,1,1,1,1,1
-73.8797,1,1,1,1,1,1,1,1,1,1,1,1,1,1
-73.8794,2,2,2,2,2,2,2,2,2,2,2,2,2,2
-73.8792,2,2,2,2,2,2,2,2,2,2,2,2,2,2
-73.8791,1,1,1,1,1,1,1,1,1,1,1,1,1,1
-73.879,6,6,6,6,6,6,6,6,6,6,6,6,6,6
-73.8789,1,1,1,1,1,1,1,1,1,1,1,1,1,1
-73.8788,4,4,4,4,4,4,4,4,4,4,4,4,4,4
-73.8784,1,1,1,1,1,1,1,1,1,1,1,1,1,1
-73.8783,1,1,1,1,1,1,1,1,1,1,1,1,1,1
-73.878,1,1,1,1,1,1,1,1,1,1,1,1,1,1
-73.8775,1,1,1,1,1,1,1,1,1,1,1,1,1,1
-73.8773,1,1,1,1,1,1,1,1,1,1,1,1,1,1
-73.8771,1,1,1,1,1,1,1,1,1,1,1,1,1,1
-73.8767,2,2,2,2,2,2,2,2,2,2,2,2,2,2
-73.8763,4,4,4,4,4,4,4,4,4,4,4,4,4,4
-73.8762,1,1,1,1,1,1,1,1,1,1,1,1,1,1
-73.8761,2,2,2,2,2,2,2,2,2,2,2,2,2,2
-73.876,1,1,1,1,1,1,1,1,1,1,1,1,1,1
-73.8759,1,1,1,1,1,1,1,1,1,1,1,1,1,1
-73.8749,1,1,1,1,1,1,1,1,1,1,1,1,1,1
-73.8747,1,1,1,1,1,1,1,1,1,1,1,1,1,1
-73.8743,1,1,1,1,1,1,1,1,1,1,1,1,1,1
-73.8741,1,1,1,1,1,1,1,1,1,1,1,1,1,1
-73.8736,1,1,1,1,1,1,1,1,1,1,1,1,1,1
-73.8735,3,3,3,3,3,3,3,3,3,3,3,3,3,3
-73.8734,2,2,2,2,2,2,2,2,2,2,2,2,2,2
-73.8733,2,2,2,2,2,2,2,2,2,2,2,2,2,2
-73.873,1,1,1,1,1,1,1,1,1,1,1,1,1,1
-73.8729,1,1,1,1,1,1,1,1,1,1,1,1,1,1
-73.8723,1,1,1,1,1,1,1,1,1,1,1,1,1,1
-73.8712,1,1,1,1,1,1,1,1,1,1,1,1,1,1
-73.8708,1,1,1,1,1,1,1,1,1,1,1,1,1,1
-73.8705,1,1,1,1,1,1,1,1,1,1,1,1,1,1
-73.8694,6,6,6,6,6,6,6,6,6,6,6,6,6,6
-73.8691,11,11,11,11,11,11,11,11,11,11,11,11,11,11
-73.8685,1,1,1,1,1,1,1,1,1,1,1,1,1,1
-73.8684,3,3,3,3,3,3,3,3,3,3,3,3,3,3
-73.8683,5,5,5,5,5,5,5,5,5,5,5,5,5,5
-73.8679,2,2,2,2,2,2,2,2,2,2,2,2,2,2
-73.8678,1,1,1,1,1,1,1,1,1,1,1,1,1,1
-73.8677,1,1,1,1,1,1,1,1,1,1,1,1,1,1
-73.8676,1,1,1,1,1,1,1,1,1,1,1,1,1,1
-73.867,1,1,1,1,1,1,1,1,1,1,1,1,1,1
-73.8666,1,1,1,1,1,1,1,1,1,1,1,1,1,1
-73.8659,1,1,1,1,1,1,1,1,1,1,1,1,1,1
-73.8658,1,1,1,1,1,1,1,1,1,1,1,1,1,1
-73.8655,5,5,5,5,5,5,5,5,5,5,5,5,5,5
-73.8654,2,2,2,2,2,2,2,2,2,2,2,2,2,2
-73.8651,2,2,2,2,2,2,2,2,2,2,2,2,2,2
-73.865,1,1,1,1,1,1,1,1,1,1,1,1,1,1
-73.8646,2,2,2,2,2,2,2,2,2,2,2,2,2,2
-73.8644,1,1,1,1,1,1,1,1,1,1,1,1,1,1
-73.8643,8,8,8,8,8,8,8,8,8,8,8,8,8,8
-73.8641,2,2,2,2,2,2,2,2,2,2,2,2,2,2
-73.8638,34,34,34,34,34,34,34,34,34,34,34,34,34,34
-73.8634,3,3,3,3,3,3,3,3,3,3,3,3,3,3
-73.8633,2,2,2,2,2,2,2,2,2,2,2,2,2,2
-73.8631,1,1,1,1,1,1,1,1,1,1,1,1,1,1
-73.8625,2,2,2,2,2,2,2,2,2,2,2,2,2,2
-73.8624,1,1,1,1,1,1,1,1,1,1,1,1,1,1
-73.8623,7,7,7,7,7,7,7,7,7,7,7,7,7,7
-73.8622,1,1,1,1,1,1,1,1,1,1,1,1,1,1
-73.8621,9,9,9,9,9,9,9,9,9,9,9,9,9,9
-73.8618,11,11,11,11,11,11,11,11,11,11,11,11,11,11
-73.8617,1,1,1,1,1,1,1,1,1,1,1,1,1,1
-73.8616,1,1,1,1,1,1,1,1,1,1,1,1,1,1
-73.8615,1,1,1,1,1,1,1,1,1,1,1,1,1,1
-73.8614,2,2,2,2,2,2,2,2,2,2,2,2,2,2
-73.8611,4,4,4,4,4,4,4,4,4,4,4,4,4,4
-73.861,2,2,2,2,2,2,2,2,2,2,2,2,2,2
-73.8608,4,4,4,4,4,4,4,4,4,4,4,4,4,4
-73.8607,10,10,10,10,10,10,10,10,10,10,10,10,10,10
-73.8605,2,2,2,2,2,2,2,2,2,2,2,2,2,2
-73.8603,2,2,2,2,2,2,2,2,2,2,2,2,2,2
-73.8602,2,2,2,2,2,2,2,2,2,2,2,2,2,2
-73.8601,6,6,6,6,6,6,6,6,6,6,6,6,6,6
-73.86,1,1,1,1,1,1,1,1,1,1,1,1,1,1
-73.8599,6,6,6,6,6,6,6,6,6,6,6,6,6,6
-73.8598,1,1,1,1,1,1,1,1,1,1,1,1,1,1
-73.8596,3,3,3,3,3,3,3,3,3,3,3,3,3,3
-73.8595,1,1,1,1,1,1,1,1,1,1,1,1,1,1
-73.8592,7,7,7,7,7,7,7,7,7,7,7,7,7,7
-73.8591,2,2,2,2,2,2,2,2,2,2,2,2,2,2
-73.859,2,2,2,2,2,2,2,2,2,2,2,2,2,2
-73.8588,1,1,1,1,1,1,1,1,1,1,1,1,1,1
-73.8586,7,7,7,7,7,7,7,7,7,7,7,7,7,7
-73.8584,3,3,3,3,3,3,3,3,3,3,3,3,3,3
-73.8581,2,2,2,2,2,2,2,2,2,2,2,2,2,2
-73.858,3,3,3,3,3,3,3,3,3,3,3,3,3,3
-73.8578,1,1,1,1,1,1,1,1,1,1,1,1,1,1
-73.8576,1,1,1,1,1,1,1,1,1,1,1,1,1,1
-73.8575,4,4,4,4,4,4,4,4,4,4,4,4,4,4
-73.8573,6,6,6,6,6,6,6,6,6,6,6,6,6,6
-73.8572,2,2,2,2,2,2,2,2,2,2,2,2,2,2
-73.857,11,11,11,11,11,11,11,11,11,11,11,11,11,11
-73.8569,4,4,4,4,4,4,4,4,4,4,4,4,4,4
-73.8568,2,2,2,2,2,2,2,2,2,2,2,2,2,2
-73.8566,1,1,1,1,1,1,1,1,1,1,1,1,1,1
-73.8565,3,3,3,3,3,3,3,3,3,3,3,3,3,3
-73.8562,2,2,2,2,2,2,2,2,2,2,2,2,2,2
-73.856,1,1,1,1,1,1,1,1,1,1,1,1,1,1
-73.8559,3,3,3,3,3,3,3,3,3,3,3,3,3,3
-73.8558,1,1,1,1,1,1,1,1,1,1,1,1,1,1
-73.8555,1,1,1,1,1,1,1,1,1,1,1,1,1,1
-73.8554,1,1,1,1,1,1,1,1,1,1,1,1,1,1
-73.8553,5,5,5,5,5,5,5,5,5,5,5,5,5,5
-73.8549,5,5,5,5,5,5,5,5,5,5,5,5,5,5
-73.8548,1,1,1,1,1,1,1,1,1,1,1,1,1,1
-73.8547,4,4,4,4,4,4,4,4,4,4,4,4,4,4
-73.8545,4,4,4,4,4,4,4,4,4,4,4,4,4,4
-73.8544,2,2,2,2,2,2,2,2,2,2,2,2,2,2
-73.8543,9,9,9,9,9,9,9,9,9,9,9,9,9,9
-73.8541,2,2,2,2,2,2,2,2,2,2,2,2,2,2
-73.854,3,3,3,3,3,3,3,3,3,3,3,3,3,3
-73.8538,5,5,5,5,5,5,5,5,5,5,5,5,5,5
-73.8536,5,5,5,5,5,5,5,5,5,5,5,5,5,5
-73.8531,4,4,4,4,4,4,4,4,4,4,4,4,4,4
-73.853,1,1,1,1,1,1,1,1,1,1,1,1,1,1
-73.8527,1,1,1,1,1,1,1,1,1,1,1,1,1,1
-73.8526,1,1,1,1,1,1,1,1,1,1,1,1,1,1
-73.8525,3,3,3,3,3,3,3,3,3,3,3,3,3,3
-73.8522,1,1,1,1,1,1,1,1,1,1,1,1,1,1
-73.852,7,7,7,7,7,7,7,7,7,7,7,7,7,7
-73.8519,4,4,4,4,4,4,4,4,4,4,4,4,4,4
-73.8516,2,2,2,2,2,2,2,2,2,2,2,2,2,2
-73.8513,2,2,2,2,2,2,2,2,2,2,2,2,2,2
-73.8512,4,4,4,4,4,4,4,4,4,4,4,4,4,4
-73.8511,2,2,2,2,2,2,2,2,2,2,2,2,2,2
-73.8508,1,1,1,1,1,1,1,1,1,1,1,1,1,1
-73.8507,7,7,7,7,7,7,7,7,7,7,7,7,7,7
-73.8506,2,2,2,2,2,2,2,2,2,2,2,2,2,2
-73.8504,1,1,1,1,1,1,1,1,1,1,1,1,1,1
-73.8503,3,3,3,3,3,3,3,3,3,3,3,3,3,3
-73.8501,15,15,15,15,15,15,15,15,15,15,15,15,15,15
-73.8496,1,1,1,1,1,1,1,1,1,1,1,1,1,1
-73.8495,1,1,1,1,1,1,1,1,1,1,1,1,1,1
-73.8492,1,1,1,1,1,1,1,1,1,1,1,1,1,1
-73.8491,1,1,1,1,1,1,1,1,1,1,1,1,1,1
-73.849,2,2,2,2,2,2,2,2,2,2,2,2,2,2
-73.8487,15,15,15,15,15,15,15,15,15,15,15,15,15,15
-73.8486,6,6,6,6,6,6,6,6,6,6,6,6,6,6
-73.8485,2,2,2,2,2,2,2,2,2,2,2,2,2,2
-73.8484,1,1,1,1,1,1,1,1,1,1,1,1,1,1
-73.8476,2,2,2,2,2,2,2,2,2,2,2,2,2,2
-73.8475,3,3,3,3,3,3,3,3,3,3,3,3,3,3
-73.8462,4,4,4,4,4,4,4,4,4,4,4,4,4,4
-73.8457,1,1,1,1,1,1,1,1,1,1,1,1,1,1
-73.8456,3,3,3,3,3,3,3,3,3,3,3,3,3,3
-73.8453,1,1,1,1,1,1,1,1,1,1,1,1,1,1
-73.8452,2,2,2,2,2,2,2,2,2,2,2,2,2,2
-73.8451,1,1,1,1,1,1,1,1,1,1,1,1,1,1
-73.8448,2,2,2,2,2,2,2,2,2,2,2,2,2,2
-73.8446,1,1,1,1,1,1,1,1,1,1,1,1,1,1
-73.8442,3,3,3,3,3,3,3,3,3,3,3,3,3,3
-73.844,1,1,1,1,1,1,1,1,1,1,1,1,1,1
-73.8439,10,10,10,10,10,10,10,10,10,10,10,10,10,10
-73.8426,9,9,9,9,9,9,9,9,9,9,9,9,9,9
-73.8424,2,2,2,2,2,2,2,2,2,2,2,2,2,2
-73.8423,2,2,2,2,2,2,2,2,2,2,2,2,2,2
-73.8421,1,1,1,1,1,1,1,1,1,1,1,1,1,1
-73.842,1,1,1,1,1,1,1,1,1,1,1,1,1,1
-73.8416,2,2,2,2,2,2,2,2,2,2,2,2,2,2
-73.8415,1,1,1,1,1,1,1,1,1,1,1,1,1,1
-73.8389,1,1,1,1,1,1,1,1,1,1,1,1,1,1
-73.8382,3,3,3,3,3,3,3,3,3,3,3,3,3,3
-73.8381,1,1,1,1,1,1,1,1,1,1,1,1,1,1
-73.8369,5,5,5,5,5,5,5,5,5,5,5,5,5,5
-73.8367,4,4,4,4,4,4,4,4,4,4,4,4,4,4
-73.8364,1,1,1,1,1,1,1,1,1,1,1,1,1,1
-73.8363,1,1,1,1,1,1,1,1,1,1,1,1,1,1
-73.8362,1,1,1,1,1,1,1,1,1,1,1,1,1,1
-73.8359,1,1,1,1,1,1,1,1,1,1,1,1,1,1
-73.8357,5,5,5,5,5,5,5,5,5,5,5,5,5,5
-73.8355,1,1,1,1,1,1,1,1,1,1,1,1,1,1
-73.8354,2,2,2,2,2,2,2,2,2,2,2,2,2,2
-73.8352,3,3,3,3,3,3,3,3,3,3,3,3,3,3
-73.8351,1,1,1,1,1,1,1,1,1,1,1,1,1,1
-73.8349,2,2,2,2,2,2,2,2,2,2,2,2,2,2
-73.8348,2,2,2,2,2,2,2,2,2,2,2,2,2,2
-73.8342,2,2,2,2,2,2,2,2,2,2,2,2,2,2
-73.834,2,2,2,2,2,2,2,2,2,2,2,2,2,2
-73.8339,8,8,8,8,8,8,8,8,8,8,8,8,8,8
-73.8337,2,2,2,2,2,2,2,2,2,2,2,2,2,2
-73.8333,2,2,2,2,2,2,2,2,2,2,2,2,2,2
-73.8329,1,1,1,1,1,1,1,1,1,1,1,1,1,1
-73.8327,1,1,1,1,1,1,1,1,1,1,1,1,1,1
-73.8325,1,1,1,1,1,1,1,1,1,1,1,1,1,1
-73.8324,14,14,14,14,14,14,14,14,14,14,14,14,14,14
-73.832,2,2,2,2,2,2,2,2,2,2,2,2,2,2
-73.831,5,5,5,5,5,5,5,5,5,5,5,5,5,5
-73.8309,6,6,6,6,6,6,6,6,6,6,6,6,6,6
-73.8305,3,3,3,3,3,3,3,3,3,3,3,3,3,3
-73.8304,2,2,2,2,2,2,2,2,2,2,2,2,2,2
-73.8302,7,7,7,7,7,7,7,7,7,7,7,7,7,7
-73.8301,1,1,1,1,1,1,1,1,1,1,1,1,1,1
-73.8299,2,2,2,2,2,2,2,2,2,2,2,2,2,2
-73.8298,2,2,2,2,2,2,2,2,2,2,2,2,2,2
-73.8293,2,2,2,2,2,2,2,2,2,2,2,2,2,2
-73.8292,4,4,4,4,4,4,4,4,4,4,4,4,4,4
-73.8289,3,3,3,3,3,3,3,3,3,3,3,3,3,3
-73.8288,3,3,3,3,3,3,3,3,3,3,3,3,3,3
-73.8287,1,1,1,1,1,1,1,1,1,1,1,1,1,1
-73.8286,1,1,1,1,1,1,1,1,1,1,1,1,1,1
-73.8285,1,1,1,1,1,1,1,1,1,1,1,1,1,1
-73.8284,2,2,2,2,2,2,2,2,2,2,2,2,2,2
-73.8282,3,3,3,3,3,3,3,3,3,3,3,3,3,3
-73.8276,2,2,2,2,2,2,2,2,2,2,2,2,2,2
-73.8275,1,1,1,1,1,1,1,1,1,1,1,1,1,1
-73.8273,2,2,2,2,2,2,2,2,2,2,2,2,2,2
-73.8272,4,4,4,4,4,4,4,4,4,4,4,4,4,4
-73.8269,1,1,1,1,1,1,1,1,1,1,1,1,1,1
-73.8263,5,5,5,5,5,5,5,5,5,5,5,5,5,5
-73.8259,2,2,2,2,2,2,2,2,2,2,2,2,2,2
-73.8258,14,14,14,14,14,14,14,14,14,14,14,14,14,14
-73.8257,1,1,1,1,1,1,1,1,1,1,1,1,1,1
-73.8256,4,4,4,4,4,4,4,4,4,4,4,4,4,4
-73.8246,1,1,1,1,1,1,1,1,1,1,1,1,1,1
-73.8243,1,1,1,1,1,1,1,1,1,1,1,1,1,1
-73.8239,1,1,1,1,1,1,1,1,1,1,1,1,1,1
-73.8237,3,3,3,3,3,3,3,3,3,3,3,3,3,3
-73.8235,6,6,6,6,6,6,6,6,6,6,6,6,6,6
-73.8227,11,11,11,11,11,11,11,11,11,11,11,11,11,11
-73.8226,3,3,3,3,3,3,3,3,3,3,3,3,3,3
-73.8225,7,7,7,7,7,7,7,7,7,7,7,7,7,7
-73.8219,1,1,1,1,1,1,1,1,1,1,1,1,1,1
-73.8198,1,1,1,1,1,1,1,1,1,1,1,1,1,1
-73.8194,3,3,3,3,3,3,3,3,3,3,3,3,3,3
-73.8193,1,1,1,1,1,1,1,1,1,1,1,1,1,1
-73.8189,6,6,6,6,6,6,6,6,6,6,6,6,6,6
-73.8188,1,1,1,1,1,1,1,1,1,1,1,1,1,1
-73.8187,2,2,2,2,2,2,2,2,2,2,2,2,2,2
-73.8184,7,7,7,7,7,7,7,7,7,7,7,7,7,7
-73.8176,1,1,1,1,1,1,1,1,1,1,1,1,1,1
-73.8173,1,1,1,1,1,1,1,1,1,1,1,1,1,1
-73.8171,4,4,4,4,4,4,4,4,4,4,4,4,4,4
-73.8169,1,1,1,1,1,1,1,1,1,1,1,1,1,1
-73.8165,1,1,1,1,1,1,1,1,1,1,1,1,1,1
-73.8157,2,2,2,2,2,2,2,2,2,2,2,2,2,2
-73.8156,1,1,1,1,1,1,1,1,1,1,1,1,1,1
-73.8155,1,1,1,1,1,1,1,1,1,1,1,1,1,1
-73.8154,6,6,6,6,6,6,6,6,6,6,6,6,6,6
-73.8152,2,2,2,2,2,2,2,2,2,2,2,2,2,2
-73.8151,1,1,1,1,1,1,1,1,1,1,1,1,1,1
-73.8149,1,1,1,1,1,1,1,1,1,1,1,1,1,1
-73.8148,5,5,5,5,5,5,5,5,5,5,5,5,5,5
-73.8147,3,3,3,3,3,3,3,3,3,3,3,3,3,3
-73.8145,4,4,4,4,4,4,4,4,4,4,4,4,4,4
-73.8144,1,1,1,1,1,1,1,1,1,1,1,1,1,1
-73.8123,6,6,6,6,6,6,6,6,6,6,6,6,6,6
-73.8122,2,2,2,2,2,2,2,2,2,2,2,2,2,2
-73.8119,6,6,6,6,6,6,6,6,6,6,6,6,6,6
-73.8113,2,2,2,2,2,2,2,2,2,2,2,2,2,2
-73.8111,1,1,1,1,1,1,1,1,1,1,1,1,1,1
-73.8109,1,1,1,1,1,1,1,1,1,1,1,1,1,1
-73.8101,1,1,1,1,1,1,1,1,1,1,1,1,1,1
-73.8097,1,1,1,1,1,1,1,1,1,1,1,1,1,1
-73.8079,2,2,2,2,2,2,2,2,2,2,2,2,2,2
-73.8074,1,1,1,1,1,1,1,1,1,1,1,1,1,1
-73.8058,2,2,2,2,2,2,2,2,2,2,2,2,2,2
-73.8047,2,2,2,2,2,2,2,2,2,2,2,2,2,2
-73.8032,1,1,1,1,1,1,1,1,1,1,1,1,1,1
-73.8031,1,1,1,1,1,1,1,1,1,1,1,1,1,1
-73.8022,1,1,1,1,1,1,1,1,1,1,1,1,1,1
-73.7999,1,1,1,1,1,1,1,1,1,1,1,1,1,1
-73.799,1,1,1,1,1,1,1,1,1,1,1,1,1,1
-73.7969,1,1,1,1,1,1,1,1,1,1,1,1,1,1
-73.7934,1,1,1,1,1,1,1,1,1,1,1,1,1,1
-73.7885,1,1,1,1,1,1,1,1,1,1,1,1,1,1
-73.7878,1,1,1,1,1,1,1,1,1,1,1,1,1,1
-73.7864,1,1,1,1,1,1,1,1,1,1,1,1,1,1
-73.7841,1,1,1,1,1,1,1,1,1,1,1,1,1,1
-73.7837,3,3,3,3,3,3,3,3,3,3,3,3,3,3
-73.7831,1,1,1,1,1,1,1,1,1,1,1,1,1,1
-73.7812,2,2,2,2,2,2,2,2,2,2,2,2,2,2
-73.7804,1,1,1,1,1,1,1,1,1,1,1,1,1,1
-73.7792,1,1,1,1,1,1,1,1,1,1,1,1,1,1
-73.7791,1,1,1,1,1,1,1,1,1,1,1,1,1,1
-73.7767,1,1,1,1,1,1,1,1,1,1,1,1,1,1
-73.7708,1,1,1,1,1,1,1,1,1,1,1,1,1,1
-73.7624,1,1,1,1,1,1,1,1,1,1,1,1,1,1
-73.7559,3,3,3,3,3,3,3,3,3,3,3,3,3,3
-73.7555,11,11,11,11,11,11,11,11,11,11,11,11,11,11
-73.7546,1,1,1,1,1,1,1,1,1,1,1,1,1,1
-73.7517,1,1,1,1,1,1,1,1,1,1,1,1,1,1
-73.7509,1,1,1,1,1,1,1,1,1,1,1,1,1,1
-73.7498,1,1,1,1,1,1,1,1,1,1,1,1,1,1
-73.749,1,1,1,1,1,1,1,1,1,1,1,1,1,1
-73.7386,1,1,1,1,1,1,1,1,1,1,1,1,1,1
-73.7142,6,6,6,6,6,6,6,6,6,6,6,6,6,6
-73.7001,7,7,7,7,7,7,7,7,7,7,7,7,7,7
-73.5423,3,3,3,3,3,3,3,3,3,3,3,3,3,3
-73.54,1,1,1,1,1,1,1,1,1,1,1,1,1,1
-73.4665,1,1,1,1,1,1,1,1,1,1,1,1,1,1
-73.4662,1,1,1,1,1,1,1,1,1,1,1,1,1,1
-73.204,1,1,1,1,1,1,1,1,1,1,1,1,1,1
-72.1336,1,1,1,1,1,1,1,1,1,1,1,1,1,1
-71.2133,2,2,2,2,2,2,2,2,2,2,2,2,2,2
-71.0794,4,4,4,4,4,4,4,4,4,4,4,4,4,4
-71.006,1,1,1,1,1,1,1,1,1,1,1,1,1,1
-70.9846,4,4,4,4,4,4,4,4,4,4,4,4,4,4
0.0,12,12,12,12,12,12,12,12,12,12,12,12,12,12
